country_code,country_name,year,EG.ELC.ACCS.RU.ZS,EG.ELC.ACCS.UR.ZS,EG.ELC.ACCS.ZS,EG.USE.ELEC.KH.PC,NY.GDP.PCAP.CD,SP.POP.GROW,SP.POP.TOTL,SP.URB.TOTL.IN.ZS,conso_totale_gwh,gap_acces_urb_rur,year_norm,SP.POP.TOTL_lag1,SP.POP.TOTL_chg,SP.POP.TOTL_ma3,EG.USE.ELEC.KH.PC_lag1,EG.USE.ELEC.KH.PC_chg,EG.USE.ELEC.KH.PC_ma3,EG.ELC.ACCS.ZS_lag1,EG.ELC.ACCS.ZS_chg,EG.ELC.ACCS.ZS_ma3,NY.GDP.PCAP.CD_lag1,NY.GDP.PCAP.CD_chg,NY.GDP.PCAP.CD_ma3,pop_urbaine,intensite_kwh_pib
BF,Burkina Faso,2000,2.3,40.4,9.1,28.5940786275111,248.908526921752,2.98414422391968,11925546.0,18.0003503329444,341.00000000000045,38.1,0.0,0.0,0.0,11925546.0,0.0,0.0,28.5940786275111,0.0,0.0,9.1,0.0,0.0,248.908526921752,2146640.0591164376,0.11487785887102236
BF,Burkina Faso,2001,2.2,41.5,9.5,30.0121976403255,259.485223380436,3.05099351122556,12295001.0,18.8591452143893,368.99999999999966,39.3,0.043478260869565216,11925546.0,3.0980132901252455,12110273.5,28.5940786275111,4.959484903458278,29.3031381339183,9.1,4.395604395604402,9.3,248.908526921752,4.249230265224679,254.19687515109402,2318732.092700617,0.11566052682824281
BF,Burkina Faso,2002,2.1,42.6,9.9,33.0418266152623,285.654087637533,3.09039308299234,12680897.0,19.725053583448,418.9999999999999,40.5,0.08695652173913043,12295001.0,3.1386414690002917,12300481.333333334,30.0121976403255,10.094658882514086,30.549367627699635,9.5,4.210526315789487,9.5,259.485223380436,10.084915016039409,264.68261264657366,2501313.7281118496,0.11567076420481383
BF,Burkina Faso,2003,1.2,52.4,11.4,34.0148222071996,362.373899996953,3.11812174449527,13082532.0,20.563327262892,444.99999999999943,51.199999999999996,0.13043478260869565,12680897.0,3.167244399193536,12686143.333333334,33.0418266152623,2.944739112842698,32.356282154262466,9.9,15.15151515151516,10.266666666666666,285.654087637533,26.857593039862238,302.50440367164066,2690203.86943257,0.09386664494182835
BF,Burkina Faso,2004,1.8,44.8,10.7,36.5911479198636,403.81283743461,3.14512608695879,13500533.0,21.3392180754924,493.9999999999999,43.0,0.17391304347826086,13082532.0,3.1951077971756447,13087987.333333334,34.0148222071996,7.574126646820156,34.54926558077517,11.4,-6.14035087719299,10.666666666666666,362.373899996953,11.435408962401938,350.6136083563653,2880908.178223816,0.09061412745648251
BF,Burkina Faso,2005,1.6,45.9,11.1,40.194879129333,441.164148016012,3.14680149143287,13932123.0,22.0179778440204,560.0000000000003,44.3,0.21739130434782608,13500533.0,3.1968367471121306,13505062.666666666,36.5911479198636,9.848642128860652,36.933616418798735,10.7,3.738317757009346,11.066666666666668,403.81283743461,9.249659029834678,402.4502951491916,3067571.7553416705,0.09111093752766632
BF,Burkina Faso,2006,1.4,47.0,11.6,41.8820280669419,455.513655620024,3.12034537509581,14373707.0,22.5528306908743,601.9999999999993,45.6,0.2608695652173913,13932123.0,3.169538483115608,13935454.333333334,40.194879129333,4.197422592515432,39.55601837204617,11.1,4.504504504504503,11.133333333333333,441.164148016012,3.2526459070946867,433.496880356882,3241677.803712347,0.09194461582042811
BF,Burkina Faso,2007,1.2,48.2,12.0,42.723196812809,514.684451177238,3.03277637197036,14816307.0,22.9741760828193,632.9999999999997,47.0,0.30434782608695654,14373707.0,3.079233492097755,14374045.666666666,41.8820280669419,2.0084241014370674,41.60003466969463,11.6,3.4482758620689724,11.566666666666665,455.513655620024,12.989905972560468,470.45408493775795,3403924.459151082,0.08300852437855508
BF,Burkina Faso,2008,1.2,49.4,12.5,43.3212721930585,619.437533256264,2.93816522811728,15258093.0,23.3633747838557,661.0000000000005,48.199999999999996,0.34782608695652173,14816307.0,2.9817551701648792,14816035.666666666,42.723196812809,1.3998844301608582,42.642165690936466,12.0,4.166666666666674,12.033333333333333,514.684451177238,20.352874822510046,529.8785466845087,3564805.452459252,0.06993646633798067
BF,Burkina Faso,2009,2.6,44.4,12.6,47.294518049765,601.569520671859,2.91916025918168,15710066.0,23.7452325601116,742.9999999999995,41.8,0.391304347826087,15258093.0,2.9621853792606956,15261488.666666666,43.3212721930585,9.171581663160744,44.44632901854417,12.5,0.8000000000000007,12.366666666666665,619.437533256264,-2.884554394125316,578.5638350351203,3730391.707047022,0.07861854104068376
BF,Burkina Faso,2010,1.5,48.5,13.1,68.4326113105568,624.957252224766,2.92577947499021,16176498.0,24.115092498158,1106.9999999999993,47.0,0.43478260869565216,15710066.0,2.9690008940764567,15714885.666666666,47.294518049765,44.694594918061156,53.01613385112677,12.6,3.9682539682539764,12.733333333333333,601.569520671859,3.8877853264218887,615.3214353842964,3900977.4556626785,0.10949966748436898
BF,Burkina Faso,2011,1.9,53.1,14.8,75.6215914767985,725.024767725475,2.95657078370668,16661908.0,24.4682976845657,1260.0000000000007,51.2,0.4782608695652174,16176498.0,3.00071127879471,16182824.0,68.4326113105568,10.50519632170268,63.78290694570677,13.1,12.977099236641232,13.5,624.957252224766,16.011897636915464,650.5171802073667,4076885.2493684674,0.10430208020897849
BF,Burkina Faso,2012,1.5,54.3,15.1,86.2436086701789,731.470138867833,3.0171707485343,17172287.0,24.8001912059054,1481.0000000000005,52.8,0.5217391304347826,16661908.0,3.0631485901854605,16670231.0,75.6215914767985,14.046275654803363,76.7659371525114,14.8,2.0270270270270174,14.333333333333334,725.024767725475,0.8889863394016428,693.8173862726914,4258760.010426836,0.11790448315999127
BF,Burkina Faso,2013,1.0,55.5,15.4,92.0577761158276,759.762065168498,3.00083639274971,17695409.0,25.106116148748,1629.0000000000007,54.5,0.5652173913043478,17172287.0,3.0463152636570845,17176534.666666668,86.2436086701789,6.741563270947748,84.64099208760166,15.1,1.9867549668874274,15.1,731.470138867833,3.8678169890099756,738.7523239206021,4442629.936536007,0.12116658666738155
BF,Burkina Faso,2014,4.7,58.4,19.2,97.8635627240981,764.861675106225,2.9733794200807,18229461.0,25.3814155996643,1784.0,53.699999999999996,0.6086956521739131,17695409.0,3.018025748938613,17699052.333333332,92.0577761158276,6.306677016578854,92.05498250336821,15.4,24.675324675324674,16.566666666666666,759.762065168498,0.671211445203701,752.0312930475187,4626895.25798872,0.1279493611841732
BF,Burkina Faso,2015,4.5375000000000005,58.2,16.2,112.794646056738,630.124750752312,2.96196306547686,18777487.0,25.621432645225,2117.999999999999,53.6625,0.6521739130434783,18229461.0,3.0062655171208874,18234119.0,97.8635627240981,15.25704043162046,100.90532829888791,19.2,-15.625,16.933333333333334,764.861675106225,-17.615855093693966,718.2494970090116,4811061.18417088,0.1790036749422577
BF,Burkina Faso,2016,4.375,59.7,16.6,108.612135513189,663.742364842886,2.92508251378454,19334856.0,25.821510372001,2099.9999999999955,55.325,0.6956521739130435,18777487.0,2.968283242587244,18780601.333333332,112.794646056738,-3.7080754182650777,106.42344809800836,16.2,2.4691358024691468,17.333333333333332,630.124750752312,5.335072785259998,686.2429302338077,4992551.847451458,0.16363598478288863
BF,Burkina Faso,2017,4.2125,61.4,17.0,111.890743966382,709.091535894695,2.85291595529266,19894407.0,25.9769918665632,2225.999999999998,57.1875,0.7391304347826086,19334856.0,2.8940013827876365,19335583.333333332,108.612135513189,3.018639158231884,111.09917517876967,16.6,2.409638554216853,16.599999999999998,663.742364842886,6.832345418021268,667.6528838299643,5167968.4882909795,0.15779449944386104
BF,Burkina Faso,2018,4.05,62.3,14.4,117.475592867661,777.465618514048,2.69713675384815,20438288.0,26.0832202154822,2401.0000000000014,58.25,0.782608695652174,19894407.0,2.73383871155346,19889183.666666668,111.890743966382,4.991341288209683,112.65949078241067,17.0,-15.294117647058824,16.0,709.091535894695,9.642490307415974,716.7665064172096,5330963.667314473,0.1511006918764966
BF,Burkina Faso,2019,3.8875,64.6,17.6,122.555380338625,764.853077774946,2.52989803984158,20961952.0,26.1187254401157,2569.000000000001,60.71249999999999,0.8260869565217391,20438288.0,2.5621715478321816,20431549.0,117.475592867661,4.324121587270047,117.307239057556,14.4,22.222222222222232,16.333333333333332,777.465618514048,-1.6222634723330964,750.470077394563,5474994.6897688415,0.16023388530402996
BF,Burkina Faso,2020,3.725,66.1,18.5,130.36176787318,825.237038782475,2.43522959287393,21478690.0,26.3578373628627,2799.9999999999927,62.37499999999999,0.8695652173913043,20961952.0,2.465123477050235,20959643.333333332,122.555380338625,6.3696816190245364,123.46424702648868,17.6,5.1136363636363535,16.833333333333332,764.853077774946,7.894844482183894,789.185245023823,5661318.177873454,0.15796887651275454
BF,Burkina Faso,2021,3.5625,67.6,19.0,129.709864992171,895.535288442991,2.37649218888363,21995243.0,26.8114307743017,2852.999999999994,64.0375,0.9130434782608695,21478690.0,2.404955795721242,21478628.333333332,130.36176787318,-0.500072138974994,127.54233773465866,18.5,2.7027027027026973,18.36666666666667,825.237038782475,8.518552410617875,828.5418016668041,5897239.35058444,0.1448405960838116
BF,Burkina Faso,2022,3.4,60.5,19.5,131.191746177691,827.330843486661,2.30907147387783,22509038.0,27.2791369742712,2953.000000000001,57.1,0.9565217391304348,21995243.0,2.3359369114494433,21994323.666666668,129.709864992171,1.1424583516523201,130.42112634768066,19.0,2.6315789473684292,19.0,895.535288442991,-7.6160533076159,849.367723570709,6140271.307610755,0.15857228968377773
BF,Burkina Faso,2023,2.0,62.6,21.7,131.191746177691,873.482589651003,2.26973666268599,23025776.0,27.7872478365158,3020.7917605363687,60.6,1.0,22509038.0,2.295691179694126,22510019.0,131.191746177691,0.0,130.69778578251766,19.5,11.282051282051286,20.066666666666666,827.330843486661,5.578390619385387,865.4495738602185,6398229.443400974,0.15019388792867436
BJ,Benin,2000,5.4,47.5,21.5,55.2507685603464,487.424141384242,3.07665265205002,7221619.0,38.2759517258875,399.0000000000002,42.1,0.0,0.0,0.0,7221619.0,0.0,0.0,55.2507685603464,0.0,0.0,21.5,0.0,0.0,487.424141384242,2764143.40226752,0.11335254836463177
BJ,Benin,2001,4.4,49.6,21.9,58.4237984440735,492.401499509072,3.05435506649292,7445596.0,38.6186257669218,434.9999999999999,45.2,0.043478260869565216,7221619.0,3.1014790450728524,7333607.5,55.2507685603464,5.742960625536697,56.83728350220995,21.5,1.8604651162790642,21.7,487.424141384242,1.021155437786625,489.91282044665695,2875386.855356899,0.11865073218160885
BJ,Benin,2002,6.8,49.2,23.4,64.8823921955602,546.463829658159,3.04010801597376,7675426.0,39.0035069872981,497.99999999999983,42.400000000000006,0.08695652173913043,7445596.0,3.0867911715865226,7447547.0,58.4237984440735,11.054730988895267,59.518986399993366,21.9,6.849315068493156,22.266666666666666,492.401499509072,10.979318747604871,508.763156850491,2993685.3162148953,0.11873135727235129
BJ,Benin,2003,7.4,50.1,24.3,61.4173765681335,676.002878084282,3.04920259714654,7913070.0,39.4169696013044,486.0000000000001,42.7,0.13043478260869565,7675426.0,3.096166909823639,7678030.666666667,64.8823921955602,-5.340456031557672,61.57452240258906,23.4,3.8461538461538547,23.2,546.463829658159,23.704962962902076,571.6227357505044,3119092.3964299383,0.09085372053767524
BJ,Benin,2004,7.9,51.0,25.2,66.7966320770419,758.695803786371,3.06173106096489,8159094.0,39.8525699078742,545.0000000000001,43.1,0.17391304347826086,7913070.0,3.109084084937952,7915863.333333333,61.4173765681335,8.758523742773217,64.36546694691187,24.3,3.703703703703698,24.3,676.002878084282,12.232629236199655,660.3875038429373,3251608.640199169,0.08804138858246552
BJ,Benin,2005,8.5,51.9,26.1,69.9014875606209,779.437777753268,3.22061199704122,8426144.0,40.3097749006517,589.0000000000003,43.4,0.21739130434782608,8159094.0,3.273034971775046,8166102.666666667,66.7966320770419,4.648221604942471,66.03849873526543,25.2,3.571428571428581,25.2,758.695803786371,2.7338986011760547,738.045486541307,3396559.67920477,0.08968193428103031
BJ,Benin,2006,7.9,56.6,27.9,70.9746720498521,809.147072506221,3.12066888297415,8693242.0,40.7877794072449,617.0000000000003,48.7,0.2608695652173913,8426144.0,3.1698722452405237,8426160.0,69.9014875606209,1.5352813318894043,69.2242638958383,26.1,6.896551724137923,26.400000000000002,779.437777753268,3.8116313580014216,782.4268846819533,3545780.370297964,0.08771541597501908
BJ,Benin,2007,9.7,53.8,28.0,75.2738813368686,912.338247188342,2.95509554727715,8953969.0,41.2857782552618,674.0,44.099999999999994,0.30434782608695654,8693242.0,2.999191785987332,8691118.333333334,70.9746720498521,6.057385209186683,72.05001364911386,27.9,0.35842293906811484,27.333333333333332,809.147072506221,12.753080149261464,833.6410324826103,3696715.786384883,0.08250655014064005
BJ,Benin,2008,10.3,54.7,29.0,81.3786386599896,1060.60254502099,3.01959398464251,9228466.0,41.8029662723105,750.9999999999997,44.400000000000006,0.34782608695652173,8953969.0,3.0656460838763167,8958559.0,75.2738813368686,8.11006050797456,75.87573068223678,28.0,3.571428571428581,28.3,912.338247188342,16.25102293908769,927.3626215718509,3857772.5294316416,0.07672868506871165
BJ,Benin,2009,10.9,55.7,30.0,82.6548571874445,1024.10277858112,2.99903642214246,9509423.0,42.338538285999,786.0000000000001,44.800000000000004,0.391304347826087,9228466.0,3.04446047696334,9230619.333333334,81.3786386599896,1.5682475751248592,79.7691257281009,29.0,3.4482758620689724,29.0,1060.60254502099,-3.441417957294046,999.0145235968172,4026150.6976325945,0.08070953317982561
BJ,Benin,2010,10.6,65.4,34.2,86.042498257716,973.244254931526,2.98424162798508,9797484.0,42.8916891239353,843.0000000000005,54.800000000000004,0.43478260869565216,9509423.0,3.029216388838729,9511791.0,82.6548571874445,4.098538410863162,83.3586647017167,30.0,14.000000000000012,31.066666666666666,1024.10277858112,-4.966154248703214,1019.3165261778786,4202306.379247301,0.08840791797303714
BJ,Benin,2011,13.6,67.0,36.9,87.4809768504332,1059.41358852588,2.97782202797765,10093623.0,43.4616136137276,883.0,53.4,0.4782608695652174,9797484.0,3.022602537549446,9800176.666666666,86.042498257716,1.671823368504044,85.39277743186456,34.2,7.894736842105243,33.699999999999996,973.244254931526,8.853824017735047,1018.9202073461753,4386851.42788634,0.08257490539852194
BJ,Benin,2012,14.6,68.6,38.4,85.5000314013051,1071.5258366283,2.96766540040992,10397657.0,44.0475065829838,888.9999999999998,53.99999999999999,0.5217391304347826,10093623.0,3.0121394468566987,10096254.666666666,87.4809768504332,-2.264429960029979,86.34116883648477,36.9,4.065040650406515,36.5,1059.41358852588,1.1432974084534475,1034.727893361902,4579908.651551076,0.07979278565073375
BJ,Benin,2013,13.4,61.0,34.7,91.5132310389721,1168.92699279226,2.94885160135819,10708834.0,44.6502883669319,979.9999999999997,47.6,0.5652173913043478,10397657.0,2.992760772931824,10400038.0,85.5000314013051,7.032979449379728,88.16474643023679,38.4,-9.635416666666652,36.666666666666664,1071.5258366283,9.089949381943585,1099.9554726488134,4781525.261736048,0.07828823493960986
BJ,Benin,2014,16.2,55.8,34.1,104.261068264345,1204.39918670094,2.9550187594558,11030004.0,45.2880529235999,1149.9999999999984,39.599999999999994,0.6086956521739131,10708834.0,2.9991126951823155,10712165.0,91.5132310389721,13.930048235259097,93.75811023487405,34.7,-1.729106628242083,35.73333333333333,1168.92699279226,3.034594472315688,1148.2840053738335,4995274.048995186,0.08656687036623988
BJ,Benin,2015,11.1,51.7,29.6,96.9132044108975,1002.41886879614,2.95391627666724,11360681.0,45.9407403257663,1100.9999999999995,40.6,0.6521739130434783,11030004.0,2.9979771539520694,11033173.0,104.261068264345,-7.047562408259244,97.56250123807153,34.1,-13.196480938416421,32.800000000000004,1204.39918670094,-16.770213741015493,1125.24834942978,5219180.957448671,0.0966793497485596
BJ,Benin,2016,15.2,62.5,37.0,92.068263531,1010.5338961993,2.92460216679542,11697842.0,46.6094559006664,1077.0,47.3,0.6956521739130435,11360681.0,2.9677886387268426,11362842.333333334,96.9132044108975,-4.999257747536323,97.7475120687475,29.6,25.0,33.56666666666667,1002.41886879614,0.809544558244979,1072.45065056546,5452300.508319632,0.09110853567334674
BJ,Benin,2017,17.2,54.2,34.5,95.1014055074096,1054.97408066814,2.88117869411855,12039780.0,47.2942774880391,1145.0,37.0,0.7391304347826086,11697842.0,2.9230861555490373,11699434.333333334,92.068263531,3.2944489882643646,94.69429114976903,37.0,-6.756756756756754,33.699999999999996,1010.5338961993,4.397693598995844,1022.64228188786,5694126.962149434,0.09014572703736913
BJ,Benin,2018,16.3,64.3,39.0,96.9043345066564,1151.7409703472,2.8136418840483,12383347.0,47.9952829275963,1200.0,48.0,0.782608695652174,12039780.0,2.8535986537959968,12040323.0,95.1014055074096,1.895796376118053,94.69133451502199,34.5,13.043478260869556,36.833333333333336,1054.97408066814,9.17244238055357,1072.4163157382134,5943422.428556008,0.08413726436895264
BJ,Benin,2019,16.9,65.2,40.0,98.6897288428983,1130.82135339795,2.73538842831436,12726755.0,48.7125500590248,1256.0000000000002,48.300000000000004,0.8260869565217391,12383347.0,2.7731436420218136,12383294.0,96.9043345066564,1.8424297997931882,96.8984896189881,39.0,2.564102564102555,37.833333333333336,1151.7409703472,-1.8163473808649577,1112.5121348044297,6199526.900264442,0.08727260813244316
BJ,Benin,2020,17.4,66.1,41.0,98.4685048831427,1200.19426557789,2.66259875153288,13070169.0,49.4461567219896,1287.0000000000002,48.699999999999996,0.8695652173913043,12726755.0,2.698362622679551,12726757.0,98.6897288428983,-0.22416107770218963,98.0208560775658,40.0,2.499999999999991,40.0,1130.82135339795,6.134736664768914,1160.91886310768,6462696.247568902,0.08204380549654634
BJ,Benin,2021,18.0,67.0,42.0,113.244820465956,1318.65158075198,2.59230167510348,13413417.0,50.1961807561354,1519.000000000002,49.0,0.9130434782608695,13070169.0,2.626194045386865,13070113.666666666,98.4685048831427,15.006133789021225,103.46768473066567,41.0,2.4390243902439046,41.0,1200.19426557789,9.869845121868925,1216.5557332426067,6733023.042894194,0.08587925887244341
BJ,Benin,2022,45.5,71.1,56.5,105.309051541913,1266.42711031904,2.54740926342667,13759501.0,50.9627000010887,1449.0000000000036,25.599999999999994,0.9565217391304348,13413417.0,2.5801330115957866,13414362.333333334,113.244820465956,-7.007621974577338,105.67412563033724,42.0,34.52380952380953,46.5,1318.65158075198,-3.9604449875347836,1261.7576522163033,7012213.216276799,0.08315445135676496
BJ,Benin,2023,43.7,70.3,57.0,105.309051541913,1394.17784721831,2.52274772277722,14111034.0,51.7457922964593,1486.019606815687,26.599999999999994,1.0,13759501.0,2.5548382895571597,13761317.333333334,105.309051541913,0.0,107.95430784992733,56.5,0.8849557522123908,51.833333333333336,1266.42711031904,10.08749227321002,1326.4188460964433,7301866.344522753,0.07553487652384351
CI,Cote d'Ivoire,2000,23.8,81.6,48.7,161.76051488547,936.636541348798,2.76729583954346,17699004.0,43.0840065011913,2862.999999999993,57.8,0.0,0.0,0.0,17699004.0,0.0,0.0,161.76051488547,0.0,0.0,48.7,0.0,0.0,936.636541348798,7625440.034006108,0.17270361313528054
CI,Cote d'Ivoire,2001,24.6,82.1,49.7,168.931992798469,924.727294962066,2.67539291726228,18178913.0,43.4670149035012,3070.999999999994,57.49999999999999,0.043478260869565216,17699004.0,2.7115028619689507,17938958.5,161.76051488547,4.433392115545964,165.34625384196949,48.7,2.053388090349073,49.2,936.636541348798,-1.2714906861931885,930.681918155432,7901830.823004518,0.18268303933366528
CI,Cote d'Ivoire,2002,26.8,82.7,51.4,163.175415018496,967.815864415991,2.58396350857445,18654771.0,43.859032147728,3044.0000000000036,55.900000000000006,0.08695652173913043,18178913.0,2.6176372591694586,18177562.666666668,168.931992798469,-3.407630304130971,164.62264090081166,49.7,3.420523138832987,49.93333333333334,924.727294962066,4.659597449828978,943.059900242285,8181802.00997504,0.1686017154895068
CI,Cote d'Ivoire,2003,26.1,83.3,51.5,160.466040648678,1111.17135087887,2.49227881118865,19125542.0,44.2593744150531,3068.999999999998,57.199999999999996,0.13043478260869565,18654771.0,2.523595706428128,18653075.333333332,163.175415018496,-1.6604059928457482,164.19114948854767,51.4,0.1945525291828787,50.86666666666667,967.815864415991,14.812268710782517,1001.2381700856423,8464845.242688235,0.14441160719429902
CI,Cote d'Ivoire,2004,26.9,83.9,52.4,159.020158203623,1199.82524528546,2.42497124712807,19595000.0,44.667357886658,3115.9999999999927,57.00000000000001,0.17391304347826086,19125542.0,2.454612789535582,19125104.333333332,160.466040648678,-0.9010519853359988,160.88720462359902,51.5,1.747572815533971,51.76666666666667,1111.17135087887,7.978417940353655,1092.937486860107,8752568.777890636,0.13253609959322807
CI,Cote d'Ivoire,2005,36.2,86.4,58.9,157.012561702548,1197.74616979415,2.38748971138117,20068458.0,45.082298743724,3150.9999999999927,50.2,0.21739130434782608,19595000.0,2.416218423067118,19596333.333333332,159.020158203623,-1.2624792502748616,158.83292018494967,52.4,12.404580152671763,54.26666666666666,1199.82524528546,-0.17328152574546118,1169.58092198616,9047322.188818779,0.13109001361242748
CI,Cote d'Ivoire,2006,34.1,91.2,60.2,165.865228077829,1230.43056838584,2.35559796287643,20546802.0,45.5035131674326,3407.9999999999927,57.1,0.2608695652173913,20068458.0,2.3835613079988605,20070086.666666668,157.012561702548,5.638189887030753,160.63264932799999,58.9,2.2071307300509435,57.166666666666664,1197.74616979415,2.728825139746194,1209.3339944884833,9349516.753556306,0.13480259052359367
CI,Cote d'Ivoire,2007,29.3,85.8,55.3,170.561332704534,1367.53817722326,2.3271214491968,21030558.0,45.930317338965,3586.9999999999995,56.5,0.30434782608695654,20546802.0,2.354410189965339,20548606.0,165.865228077829,2.8312773455455353,164.47970749497034,60.2,-8.139534883720945,58.13333333333333,1230.43056838584,11.143059377766185,1265.2383051344166,9659402.02755509,0.12472144145244489
CI,Cote d'Ivoire,2008,35.6,88.8,60.3,178.298862452328,1583.97066701372,2.27477682329573,21514439.0,46.3620274395029,3836.000000000001,53.199999999999996,0.34782608695652173,21030558.0,2.300847176760601,21030599.666666668,170.561332704534,4.536508729793898,171.57514107823033,55.3,9.041591320072339,58.599999999999994,1367.53817722326,15.826431275938413,1393.9798042076065,9974530.112635113,0.11256449766742026
CI,Cote d'Ivoire,2009,31.0,87.2,57.3,182.835301850991,1540.45393569596,2.22245214914258,21997940.0,46.7979596502274,4021.9999999999886,56.2,0.391304347826087,21514439.0,2.2473325937060196,21514312.333333332,178.298862452328,2.5442895912338725,177.231832335951,60.3,-4.975124378109452,57.63333333333333,1583.97066701372,-2.7473192669535185,1497.3209266443134,10294587.085081233,0.11868923673357881
CI,Cote d'Ivoire,2010,31.9,87.9,58.4,196.326362450482,1553.54887048143,2.20359114199838,22488065.0,47.2374301523201,4414.999999999999,56.00000000000001,0.43478260869565216,21997940.0,2.2280495355474272,22000148.0,182.835301850991,7.3788051119833,185.82017558460032,57.3,1.919720767888311,58.666666666666664,1540.45393569596,0.8500698710963928,1559.3244910637034,10622783.996983344,0.12637282687453685
CI,Cote d'Ivoire,2011,26.3,88.1,55.8,180.184492211296,1596.62826565998,2.17265768049368,22982000.0,47.6797551269623,4141.000000000005,61.8,0.4782608695652174,22488065.0,2.196431751686956,22489335.0,196.326362450482,-8.221957580076566,186.4487188375897,58.4,-4.452054794520555,57.166666666666664,1553.54887048143,2.7729668500998006,1563.5436906124567,10957761.323278476,0.11285312685906584
CI,Cote d'Ivoire,2012,25.8,88.1,55.8,215.578607613611,1546.9460184731,2.08872019159152,23467078.0,48.1242507553354,5059.000000000004,62.3,0.5217391304347826,22982000.0,2.110686624314684,22979047.666666668,180.184492211296,19.64326395015703,197.36315409179633,55.8,0.0,56.666666666666664,1596.62826565998,-3.11169783571027,1565.7077182048367,11293355.46167015,0.13935755032124267
CI,Cote d'Ivoire,2013,34.5,89.9,61.5,215.12315800796,1786.15862031324,1.99427988380631,23939775.0,48.5702332186208,5150.000000000011,55.400000000000006,0.5652173913043478,23467078.0,2.0142984993700486,23462951.0,215.578607613611,-0.2112684605827586,203.62875261095567,55.8,10.215053763440874,57.699999999999996,1546.9460184731,15.463539062355448,1643.2443014821065,11627604.549513077,0.12043899996419898
CI,Cote d'Ivoire,2014,34.3,90.6,61.9,253.675533011149,1991.36539423404,2.42493545476417,24527395.0,49.0173144557368,6221.999999999992,56.3,0.6086956521739131,23939775.0,2.4545761186143045,23978082.666666668,215.12315800796,17.921071520232367,228.12576621090668,61.5,0.6504065040650486,59.73333333333333,1786.15862031324,11.488720631363236,1774.8233443401266,12022670.334950667,0.12738773795389918
CI,Cote d'Ivoire,2015,39.2,86.5,62.6,242.371746370227,1814.71855088017,2.88906178023194,25246342.0,49.4694894689553,6119.000000000009,47.3,0.6521739130434783,24527395.0,2.9311999908673503,24571170.666666668,253.675533011149,-4.456001927637709,237.056812463112,61.9,1.1308562197092087,62.0,1991.36539423404,-8.870639404769587,1864.0808551424834,12489236.49698644,0.13355886302736725
CI,Cote d'Ivoire,2016,36.7,92.0,64.3,239.674590472541,1862.59597081287,2.90076810314127,25989405.0,49.929991034032,6229.000000000009,55.3,0.6956521739130435,25246342.0,2.943250154814514,25254380.666666668,242.371746370227,-1.1128177842833264,245.240623284639,62.6,2.7156549520766626,62.93333333333334,1814.71855088017,2.638283490818938,1889.559971975693,12976507.586298263,0.1286777133786791
CI,Cote d'Ivoire,2017,38.4,92.5,65.6,272.618059554926,1964.29930338343,2.82237176165589,26733372.0,50.3977309654344,7287.999999999992,54.1,0.7391304347826086,25989405.0,2.8625780390124422,25989706.333333332,239.674590472541,13.745082037037726,251.55479879923132,64.3,2.0217729393468,64.16666666666667,1862.59597081287,5.460300256430539,1880.5379416921567,13473012.89854877,0.1387864156370426
CI,Cote d'Ivoire,2018,40.4,93.1,67.1,259.756592707161,2130.86619381144,2.69696827034562,27464173.0,50.8718477756395,7134.000000000008,52.699999999999996,0.782608695652174,26733372.0,2.733665622129533,26728983.333333332,272.618059554926,-4.717760396637882,257.34974757820936,65.6,2.286585365853666,65.66666666666667,1964.29930338343,8.479710303878086,1985.9204893359135,13971532.281398285,0.1219018788986179
CI,Cote d'Ivoire,2019,42.1,93.7,68.6,278.827988881925,2141.76836170115,2.61916841176218,28193009.0,51.3514799771241,7861.000000000013,51.6,0.8260869565217391,27464173.0,2.6537700589054802,27463518.0,259.756592707161,7.342025846583344,270.40088038133734,67.1,2.235469448584193,67.09999999999998,2130.86619381144,0.5116308063534136,2078.97795296534,14477527.371583795,0.13018587531121215
CI,Cote d'Ivoire,2020,43.7,94.3,69.9,290.017976203655,2179.72934832935,2.53019803537112,28915449.0,51.8357660823651,8386.0,50.599999999999994,0.8695652173913043,28193009.0,2.562479230223347,28190877.0,278.827988881925,4.013222405182781,276.2008525975803,68.6,1.8950437317784452,68.53333333333335,2141.76836170115,1.7724132687275684,2150.787967947313,14988544.505305579,0.13305228762733262
CI,Cote d'Ivoire,2021,45.2,94.9,71.1,308.099910201629,2455.98127641148,2.47398737434864,29639736.0,52.3183461956059,9131.99999999999,49.7,0.9130434782608695,28915449.0,2.504844382668936,28916064.666666668,290.017976203655,6.234763180774894,292.315291762403,69.9,1.716738197424883,69.86666666666666,2179.72934832935,12.673680257315546,2259.159662147327,15507019.69194363,0.12544880254616783
CI,Cote d'Ivoire,2022,45.3,95.0,72.0,323.704535370651,2333.37128301259,2.51622934953513,30395002.0,52.8492549676673,9839.000000000007,49.7,0.9565217391304348,29639736.0,2.548153600288483,29650062.333333332,308.099910201629,5.0647938062721165,307.2741405919783,71.1,1.2658227848101333,71.0,2455.98127641148,-4.992301634238827,2323.027302584473,16063532.104407575,0.13872825886188142
CI,Cote d'Ivoire,2023,48.0,93.9,72.4,323.704535370651,2591.9659048119,2.50384681190665,31165654.0,53.4075201638704,10088.46354759247,45.900000000000006,1.0,30395002.0,2.5354563227204308,30400130.666666668,323.704535370651,0.0,318.5029936476437,72.0,0.5555555555555536,71.83333333333333,2333.37128301259,11.082446401990564,2460.4394880786563,16644802.944252083,0.12488765178959495
GW,Guinee-Bissau,2000,2.1,23.8,1.3,105.181366216487,316.945495037639,2.00706384351502,1234741.0,36.8412054388232,129.87174530351137,21.7,0.0,0.0,0.0,1234741.0,0.0,0.0,105.181366216487,0.0,0.0,1.3,0.0,0.0,316.945495037639,454893.46844738,0.3318594769867171
GW,Guinee-Bissau,2001,2.1,24.0,1.3,105.181366216487,327.138431972397,2.12602969093669,1261273.0,37.1627839410066,132.6624173119672,21.9,0.043478260869565216,1234741.0,2.1487907180534283,1248007.0,105.181366216487,0.0,105.181366216487,1.3,0.0,1.3,316.945495037639,3.215990476074615,322.041963505018,468724.1598962522,0.32151944234226176
GW,Guinee-Bissau,2002,2.1,24.3,1.3,105.181366216487,362.034574570354,2.19833363261225,1289307.0,37.4734924367695,135.61107173248024,22.2,0.08695652173913043,1261273.0,2.2226750275317064,1261773.6666666667,105.181366216487,0.0,105.181366216487,1.3,0.0,1.3,327.138431972397,10.667087442939582,335.37283386012996,483148.3611317397,0.2905285119282086
GW,Guinee-Bissau,2003,2.1,24.6,2.6,105.181366216487,419.78486611807,2.26219170729877,1318806.0,37.7773055741583,138.71381685450035,22.5,0.13043478260869565,1289307.0,2.287973306590274,1289795.3333333333,105.181366216487,0.0,105.181366216487,1.3,100.0,1.7333333333333334,362.034574570354,15.951595677360775,369.6526242202737,498209.3725503341,0.2505601671378581
GW,Guinee-Bissau,2004,2.1,24.9,3.9,105.181366216487,431.376557669634,2.30540545476551,1349563.0,38.0781980012196,141.94888013522086,22.799999999999997,0.17391304347826086,1318806.0,2.332185325210845,1319225.3333333333,105.181366216487,0.0,105.181366216487,2.6,50.0,2.6,419.78486611807,2.761340983718008,404.39866611935264,513889.27129119926,0.24382726494154847
GW,Guinee-Bissau,2005,2.1,25.2,5.2,105.181366216487,463.073962650452,2.34505544706955,1381585.0,38.3801443659997,145.3169978442052,23.099999999999998,0.21739130434782608,1349563.0,2.372768073813525,1349984.6666666667,105.181366216487,0.0,105.181366216487,3.9,33.33333333333335,3.9,431.376557669634,7.347966507974513,438.07846214605206,530254.3175389969,0.22713729274362676
GW,Guinee-Bissau,2006,2.1,34.4,14.5,105.181366216487,448.513075469701,2.41122516333709,1415303.0,38.6871193165452,148.86350315029273,32.3,0.2608695652173913,1381585.0,2.4405302605341017,1382150.3333333333,105.181366216487,0.0,105.181366216487,5.2,178.84615384615384,7.866666666666666,463.073962650452,-3.1443977323644567,447.65453192992896,547539.9603006437,0.23451125946849338
GW,Guinee-Bissau,2007,2.1,25.9,7.9,105.181366216487,519.069789794741,2.48996828898925,1450986.0,39.0030975009025,152.6166898409956,23.799999999999997,0.30434782608695654,1415303.0,2.521226903355678,1415958.0,105.181366216487,0.0,105.181366216487,14.5,-45.51724137931035,9.200000000000001,448.513075469701,15.731250254220619,476.8856093049647,565929.4843044452,0.20263434375188646
GW,Guinee-Bissau,2008,2.1,26.3,9.3,105.181366216487,640.210331101753,2.52259007377628,1488054.0,39.3320535671181,156.51555272390837,24.2,0.34782608695652173,1450986.0,2.5546766130066123,1451447.6666666667,105.181366216487,0.0,105.181366216487,7.9,17.721518987341778,10.566666666666665,519.069789794741,23.33800650485078,535.9310654553983,585282.1963876436,0.1642918914405488
GW,Guinee-Bissau,2009,2.1,26.7,4.7,105.181366216487,583.190020139094,2.54277273891846,1526377.0,39.6716434222135,160.54641822142278,24.599999999999998,0.391304347826087,1488054.0,2.5753769688465544,1488472.3333333333,105.181366216487,0.0,105.181366216487,9.3,-49.46236559139785,7.3,640.210331101753,-8.90649653599488,580.8233803451959,605538.8407186797,0.18035522314219415
GW,Guinee-Bissau,2010,2.1,11.8,6.0,105.181366216487,600.194298540768,2.58492032110101,1566347.0,40.0095596313477,164.75051742909577,9.700000000000001,0.43478260869565216,1526377.0,2.6186191222745014,1526926.0,105.181366216487,0.0,105.181366216487,4.7,27.65957446808509,6.666666666666667,583.190020139094,2.915735491773064,607.8648832605384,626688.5369988257,0.17524552711048885
GW,Guinee-Bissau,2011,4.0,27.5,13.5,105.181366216487,719.539573498937,2.62922766462762,1608076.0,40.4391136169434,169.13963065994355,23.5,0.4782608695652174,1566347.0,2.664096780598424,1566933.3333333333,105.181366216487,0.0,105.181366216487,6.0,125.0,8.066666666666666,600.194298540768,19.884439963579958,634.3079640595997,650291.6806867988,0.14617870940025843
GW,Guinee-Bissau,2012,6.0,27.9,14.9,105.181366216487,635.461653303881,2.65952739224803,1651417.0,40.8686027526855,173.69829625313233,21.9,0.5217391304347826,1608076.0,2.695208435422214,1608613.3333333333,105.181366216487,0.0,105.181366216487,13.5,10.370370370370363,11.466666666666667,719.539573498937,-11.684961229610558,651.7318417811954,674911.0535203161,0.1655196118752877
GW,Guinee-Bissau,2013,8.0,28.3,16.3,105.181366216487,654.304534409417,2.66229101877146,1695973.0,41.2976379394531,178.38475720627412,20.3,0.5652173913043478,1651417.0,2.698046586658598,1651822.0,105.181366216487,0.0,105.181366216487,14.9,9.395973154362425,14.9,635.461653303881,2.96522709239313,669.768587070745,700396.7890908809,0.1607529226607377
GW,Guinee-Bissau,2014,5.8,33.1,17.2,105.181366216487,652.022501029449,2.62731155689981,1741122.0,41.7271995544434,183.1335907095823,27.3,0.6086956521739131,1695973.0,2.662129644752609,1696170.6666666667,105.181366216487,0.0,105.181366216487,16.3,5.521472392638027,16.133333333333336,654.304534409417,-0.34877236209707174,647.2628962475824,726521.451426316,0.16131554670340498
GW,Guinee-Bissau,2015,8.9,35.5,20.1,105.181366216487,645.066837207039,2.57045957815277,1786457.0,42.1568145751953,187.90198794700675,26.6,0.6521739130434783,1741122.0,2.60378078043928,1741184.0,105.181366216487,0.0,105.181366216487,17.2,16.860465116279077,17.86666666666667,652.022501029449,-1.0667827891565063,650.4646242153017,753113.3649555966,0.16305498926575301
GW,Guinee-Bissau,2016,10.5,39.7,22.9,105.181366216487,679.665386626818,2.51155296505032,1831893.0,42.586109161377,192.68100850241902,29.200000000000003,0.6956521739130435,1786457.0,2.543358166471399,1786490.6666666667,105.181366216487,0.0,105.181366216487,20.1,13.930348258706449,20.066666666666666,645.066837207039,5.363560397800193,658.918241621102,780131.952699624,0.1547546311553433
GW,Guinee-Bissau,2017,12.5,43.9,26.0,105.181366216487,783.123186602022,2.4363257519627,1877072.0,43.0155792236328,197.4329974467137,31.4,0.7391304347826086,1831893.0,2.4662466639699954,1831807.3333333333,105.181366216487,0.0,105.181366216487,22.9,13.53711790393013,23.0,679.665386626818,15.221872705430162,702.618470145293,807433.3932446286,0.13431011623199388
GW,Guinee-Bissau,2018,13.3,48.1,28.4,105.181366216487,808.531613218504,2.37405997248475,1922168.0,43.4449081420898,202.1762563376124,34.8,0.782608695652174,1877072.0,2.4024651158826016,1877044.3333333333,105.181366216487,0.0,105.181366216487,26.0,9.23076923076922,25.766666666666666,783.123186602022,3.2444993394627364,757.1067288157814,835084.1219366448,0.13008936756077336
GW,Guinee-Bissau,2019,14.3,52.3,30.9,105.181366216487,811.216425885129,2.34095994762157,1967696.0,43.8745574951172,206.9649535787166,38.0,0.8260869565217391,1922168.0,2.368575483516522,1922312.0,105.181366216487,0.0,105.181366216487,28.4,8.80281690140845,28.433333333333334,808.531613218504,0.33206032055290713,800.9570752352183,863317.9128491214,0.12965882206061377
GW,Guinee-Bissau,2020,15.1,56.4,33.4,105.181366216487,846.915855715971,2.28895000835492,2013255.0,44.3038330078125,211.75691144217353,41.3,0.8695652173913043,1967696.0,2.3153474927021245,1967706.3333333333,105.181366216487,0.0,105.181366216487,30.9,8.090614886731395,30.899999999999995,811.216425885129,4.400728177057056,822.2212982732013,891949.1332214356,0.12419340777079693
GW,Guinee-Bissau,2021,15.8,60.5,35.8,105.181366216487,926.780921081233,2.23903878745423,2058841.0,44.7334136962891,216.5517092025183,44.7,0.9130434782608695,2013255.0,2.2642933955211886,2013264.0,105.181366216487,0.0,105.181366216487,33.4,7.18562874251496,33.36666666666667,846.915855715971,9.430106288156015,861.6377342274444,920989.8618788155,0.1134910784457849
GW,Guinee-Bissau,2022,15.8,61.0,37.4,105.181366216487,883.199131457831,2.24235388639993,2105529.0,45.1627159118652,221.46241682843367,45.2,0.9565217391304348,2058841.0,2.2676836142276224,2059208.3333333333,105.181366216487,0.0,105.181366216487,35.8,4.469273743016755,35.53333333333333,926.780921081233,-4.702491023720812,885.631969418345,950914.0807119362,0.11909133792157604
GW,Guinee-Bissau,2023,20.7,64.3,40.5,105.181366216487,988.087886357022,2.24529187264064,2153339.0,45.5923843383789,226.49113794724394,43.599999999999994,1.0,2105529.0,2.2706882688388497,2105903.0,105.181366216487,0.0,105.181366216487,37.4,8.288770053475947,37.9,883.199131457831,11.876002949194353,932.6893129653619,981758.5929882048,0.10644940360951073
ML,Mali,2000,1.7,33.8,9.6,105.181366216487,304.652870194271,2.91308874187569,11559290.0,18.977631037325,1215.8219146925762,32.099999999999994,0.0,0.0,0.0,11559290.0,0.0,0.0,105.181366216487,0.0,0.0,9.6,0.0,0.0,304.652870194271,2193679.406734405,0.3452498778344513
ML,Mali,2001,1.7,37.0,10.8,105.181366216487,346.224554251022,3.00701165563643,11912158.0,19.3181950112665,1252.9370530266553,35.3,0.043478260869565216,11559290.0,3.0526788410014882,11735724.0,105.181366216487,0.0,105.181366216487,9.6,12.500000000000021,10.2,304.652870194271,13.645590809711283,325.4387122226465,2301213.9124901835,0.3037952245877619
ML,Mali,2002,1.7,39.7,13.0,105.181366216487,378.191678628285,3.10676861781848,12288050.0,19.6792980362731,1292.4738871365032,38.0,0.08695652173913043,11912158.0,3.1555323561020643,11919832.666666666,105.181366216487,0.0,105.181366216487,10.8,20.370370370370374,11.133333333333333,346.224554251022,9.233061024922563,343.02303435785933,2418201.9823462567,0.27811655348415826
ML,Mali,2003,2.5,42.6,14.7,105.181366216487,441.910358475095,3.17894001404545,12684955.0,20.0594231247985,1334.220897294658,40.1,0.13043478260869565,12288050.0,3.2300080159179068,12295054.333333334,105.181366216487,0.0,105.181366216487,13.0,13.076923076923075,12.833333333333334,378.191678628285,16.848250093159113,388.7755304514674,2544528.7966402834,0.23801516348120358
ML,Mali,2004,3.2,45.6,16.4,105.181366216487,495.006294680645,3.23794608826987,13102409.0,20.4570532892964,1378.1292793471953,42.4,0.17391304347826086,12684955.0,3.2909379654874504,12691804.666666666,105.181366216487,0.0,105.181366216487,14.7,11.564625850340127,14.700000000000001,441.910358475095,12.015092017478102,438.36944392800837,2680366.7913115676,0.21248490644820006
ML,Mali,2005,3.8,48.6,18.2,105.181366216487,548.730382842725,3.27522299158149,13538647.0,20.8706715422205,1424.013388182743,44.800000000000004,0.21739130434782608,13102409.0,3.329448805940949,13108670.333333334,105.181366216487,0.0,105.181366216487,16.4,10.97560975609757,16.433333333333334,495.006294680645,10.853213128681594,495.21567866615504,2825606.5466306894,0.19168132384357817
ML,Mali,2006,1.5,47.4,16.6,105.181366216487,586.985415515264,3.2804387949943,13990139.0,21.2987608960246,1471.5019335785573,45.9,0.2608695652173913,13538647.0,3.334838407412488,13543731.666666666,105.181366216487,0.0,105.181366216487,18.2,-8.791208791208781,17.066666666666666,548.730382842725,6.971553584176782,543.574031012878,2979726.254631487,0.1791890623451987
ML,Mali,2007,5.0,54.6,21.7,105.181366216487,670.853394973479,3.28796078422057,14457775.0,21.7398043631622,1520.6885269505703,49.6,0.30434782608695654,13990139.0,3.3426115351677277,13995520.333333334,105.181366216487,0.0,105.181366216487,16.6,30.72289156626504,18.833333333333332,586.985415515264,14.287915379395667,602.1897311104893,3143092.000266174,0.15678740989399803
ML,Mali,2008,5.5,57.6,23.4,105.181366216487,767.19483895009,3.2862188900418,14940782.0,22.1922849560871,1571.4918631026972,52.1,0.34782608695652173,14457775.0,3.340811431911206,14462898.666666666,105.181366216487,0.0,105.181366216487,21.7,7.834101382488479,20.566666666666666,670.853394973479,14.361028012747813,675.011216479611,3315700.9161077696,0.1370986363261101
ML,Mali,2009,5.7,57.9,24.0,105.181366216487,787.482564287398,3.25780569403424,15435539.0,22.6557955217884,1623.5310803078676,52.199999999999996,0.391304347826087,14940782.0,3.311453175610213,14944698.666666666,105.181366216487,0.0,105.181366216487,23.4,2.564102564102577,23.03333333333333,767.19483895009,2.644403260724726,741.8435994036557,3497044.153525902,0.13356659688289968
ML,Mali,2010,3.55,74.4,27.0,105.181366216487,797.151541135109,3.2485140091385,15945198.0,23.1359461824894,1677.137710232396,70.85000000000001,0.43478260869565216,15435539.0,3.3018542468779444,15440506.333333334,105.181366216487,0.0,105.181366216487,24.0,12.5,24.8,787.482564287398,1.2278337687972263,783.9429814575324,3689072.427971376,0.1319465130390557
ML,Mali,2011,1.4,75.9,28.8,105.181366216487,938.292902583696,3.23250831038309,16469049.0,23.6379674039304,1732.2370741062691,74.5,0.4782608695652174,15945198.0,3.285321386413642,15949928.666666666,105.181366216487,0.0,105.181366216487,27.0,6.666666666666665,26.599999999999998,797.151541135109,17.705712673854677,840.975669335401,3892948.4343573255,0.11209864843574771
ML,Mali,2012,2.4,76.0,25.6,105.181366216487,872.506092465564,2.91998728475051,16957033.0,24.1606168848588,1783.5638979180553,73.6,0.5217391304347826,16469049.0,2.963036906381178,16457093.333333334,105.181366216487,0.0,105.181366216487,28.8,-11.111111111111105,27.133333333333336,938.292902583696,-7.01132982429905,869.3168453947897,4096923.7781690788,0.12055086735183834
ML,Mali,2013,3.4,78.9,32.4,105.181366216487,901.920957644831,2.92078257453733,17459615.0,24.7033626854883,1836.4261593138697,75.5,0.5652173913043478,16957033.0,2.963855764154033,16961899.0,105.181366216487,0.0,105.181366216487,25.6,26.56249999999998,28.933333333333334,872.506092465564,3.3713077115765655,904.2399842313638,4313112.0169399185,0.11661927281426646
ML,Mali,2014,4.5,80.3,34.2,105.181366216487,947.915033288325,3.16065691731413,18020267.0,25.2656728660325,1895.3963026458757,75.8,0.6086956521739131,17459615.0,3.211136098934597,17478971.666666668,105.181366216487,0.0,105.181366216487,32.4,5.555555555555558,30.733333333333334,901.920957644831,5.099568343948624,907.4473611329067,4552941.709805609,0.11096075336162987
ML,Mali,2015,7.3,83.1,37.6,105.181366216487,838.11986940103,3.1289280097663,18593022.0,25.847015486705,1955.6394560531999,75.8,0.6521739130434783,18020267.0,3.178393527687473,18024301.333333332,105.181366216487,0.0,105.181366216487,34.2,9.941520467836252,34.73333333333333,947.915033288325,-11.582806478594899,895.9852867780619,4805741.275786468,0.12549680547682973
ML,Mali,2016,8.4,83.0,38.8,105.181366216487,872.468587171653,3.16701291267986,19191289.0,26.4468586077195,2018.5659964754386,74.6,0.6956521739130435,18593022.0,3.2176964024460464,18601526.0,105.181366216487,0.0,105.181366216487,37.6,3.1914893617021267,36.86666666666667,838.11986940103,4.098306104492022,886.1678299536693,5075493.0668288255,0.12055604953922909
ML,Mali,2017,16.9,85.0,34.8,105.181366216487,924.057531692284,3.18823649379751,19813011.0,27.0646702892896,2083.9595658422854,68.1,0.7391304347826086,19191289.0,3.2396052188052638,19199107.333333332,105.181366216487,0.0,105.181366216487,38.8,-10.309278350515461,37.06666666666666,872.468587171653,5.9129858976207705,878.2153294216556,5362326.10153068,0.11382556021578205
ML,Mali,2018,25.4,85.6,50.9,105.181366216487,996.379292136901,3.1254232369578,20442030.0,27.6999185916288,2150.120643638414,60.199999999999996,0.782608695652174,19813011.0,3.1747774227753656,19815443.333333332,105.181366216487,0.0,105.181366216487,34.8,46.264367816091955,41.5,924.057531692284,7.826543041337453,930.9684703336126,5662425.668476338,0.1055635811046495
ML,Mali,2019,15.2,90.9,47.9,105.181366216487,971.949318638092,3.01814494306617,21068405.0,28.3520715749509,2216.003621902266,75.7,0.8260869565217391,20442030.0,3.0641526306340428,20441148.666666668,105.181366216487,0.0,105.181366216487,50.9,-5.893909626719052,44.53333333333333,996.379292136901,-2.4518748725111283,964.128714155759,5973329.265300535,0.10821692468890097
ML,Mali,2020,16.8,93.9,50.6,105.181366216487,953.242943290974,3.01751361469378,21713836.0,29.0205972994693,2283.8909362807394,77.10000000000001,0.8695652173913043,21068405.0,3.063501959450665,21074757.0,105.181366216487,0.0,105.181366216487,47.9,5.636743215031315,49.800000000000004,971.949318638092,-1.9246245651295402,973.8571846886557,6301484.903827193,0.1103405663338656
ML,Mali,2021,18.3,96.9,53.4,105.181366216487,1027.27345365357,3.06035796580474,22388630.0,29.7049638253978,2354.8666911154273,78.60000000000001,0.9130434782608695,21713836.0,3.107668308814704,21723623.666666668,105.181366216487,0.0,105.181366216487,50.6,5.533596837944654,50.63333333333333,953.242943290974,7.766174497658818,984.1552385275454,6650534.44250216,0.10238886816592224
ML,Mali,2022,18.3,99.7,53.0,105.181366216487,976.914116406452,3.00942592606239,23072640.0,30.4015705681899,2426.811797421167,81.4,0.9565217391304348,22388630.0,3.0551668413833166,22391702.0,105.181366216487,0.0,105.181366216487,53.4,-0.7490636704119868,52.333333333333336,1027.27345365357,-4.902232902837267,985.8101711169987,7014444.93154441,0.10766695295937925
ML,Mali,2023,22.7,91.5,54.5,105.181366216487,1043.9533853528,2.97400537620334,23769127.0,31.0031889023235,2500.069251633189,68.8,1.0,23072640.0,3.01867059859644,23076799.0,105.181366216487,0.0,105.181366216487,53.0,2.8301886792452935,53.63333333333333,976.914116406452,6.862350315189425,1016.0469851376074,7369187.344243178,0.10075293369630807
NE,Niger,2000,2.0,40.7,6.5,32.2338771967474,194.771959898935,3.46716382832898,11509630.0,16.1307678222656,370.9999999999998,38.7,0.0,0.0,0.0,11509630.0,0.0,0.0,32.2338771967474,0.0,0.0,6.5,0.0,0.0,194.771959898935,1856591.692501828,0.16549547077245205
NE,Niger,2001,2.0,41.1,8.4,30.3674792148446,205.417936120931,3.50878624306039,11920647.0,16.2687225341797,361.99999999999966,39.1,0.043478260869565216,11509630.0,3.5710704861928733,11715138.5,32.2338771967474,-5.790175257263597,31.300678205796,6.5,29.230769230769237,7.45,194.771959898935,5.465866969516586,200.09494800993298,1939336.9847090167,0.1478326566233586
NE,Niger,2002,2.3,42.3,8.8,30.0425681326576,225.294391147438,3.53148102432579,12349144.0,16.2687206268311,370.99999999999983,40.0,0.08695652173913043,11920647.0,3.5945783815257704,11926473.666666666,30.3674792148446,-1.0699310268340367,30.881308181416532,8.4,4.761904761904767,7.900000000000001,205.417936120931,9.676104921434714,208.49476238910134,2009047.7371650753,0.13334805176306866
NE,Niger,2003,2.7,43.4,9.3,29.4600665281757,265.225363452469,3.5622769230714,12796984.0,16.2687225341797,377.0,40.699999999999996,0.13043478260869565,12349144.0,3.626486175883925,12355591.666666666,30.0425681326576,-1.9389208070021535,29.956704625225967,8.8,5.681818181818188,8.833333333333334,225.294391147438,17.723908749640938,231.97923024027932,2081905.819703371,0.11107560055603519
NE,Niger,2004,3.0,44.5,9.7,33.1679058899869,283.468281798296,3.59824904350361,13265836.0,16.2687225341797,440.0000000000002,41.5,0.17391304347826086,12796984.0,3.6637695256944935,12803988.0,29.4600665281757,12.585984346861556,30.89018018360673,9.3,4.301075268817178,9.266666666666667,265.225363452469,6.878270655700813,257.99601213273434,2158182.0506793233,0.11700746792400489
NE,Niger,2005,2.5,45.7,7.1,36.3472681974779,318.643121918273,3.62970414217364,13756192.0,16.2687225341797,499.99999999999994,43.2,0.21739130434782608,13265836.0,3.696382195588721,13273004.0,33.1679058899869,9.58565885358118,32.99174687188017,9.7,-26.8041237113402,8.7,283.468281798296,12.408739311795692,289.11225572301265,2237956.7077490254,0.1140688930571061
NE,Niger,2006,2.0,47.2,9.3,34.5514385768283,333.345078419447,3.65709371425878,14268581.0,16.2675724894628,492.9999999999993,45.2,0.2608695652173913,13756192.0,3.724788080887498,13763536.333333334,36.3472681974779,-4.940755412188613,34.6888708880977,7.1,30.985915492957773,8.7,318.643121918273,4.613925576885625,311.818827378672,2321151.757392716,0.10365066357257671
NE,Niger,2007,4.1,48.1,11.2,38.774325992106,387.168065883301,3.68110827846052,14803610.0,16.2641887037781,574.0000000000003,44.0,0.30434782608695654,14268581.0,3.7497001278543385,14276127.666666666,34.5514385768283,12.222030656951421,36.55767758880407,9.3,20.430107526881702,9.2,333.345078419447,16.14632731914183,346.3854220736737,2407687.0653713653,0.10014856443194682
NE,Niger,2008,4.5,49.3,11.8,38.9274384085578,475.044955398162,3.70203244818704,15361915.0,16.2586706998252,598.0000000000001,44.8,0.34782608695652173,14803610.0,3.771411162547511,14811368.666666666,38.774325992106,0.39488092322472745,37.4177343258307,11.2,5.35714285714286,10.766666666666666,387.168065883301,22.697349615954288,398.51936656697006,2497643.173037052,0.08194474642074773
NE,Niger,2009,4.9,50.6,12.3,42.3365378433768,461.131533961487,3.71708044318123,15943675.0,16.2511180003032,675.0000000000006,45.7,0.391304347826087,15361915.0,3.7870278542746716,15369733.333333334,38.9274384085578,8.757574539170164,40.012767414680205,11.8,4.237288135593209,11.766666666666666,475.044955398162,-2.928864158764388,441.11485174765,2591025.437834841,0.09181011213801026
NE,Niger,2010,4.8,59.1,13.6,43.9910120561357,474.425692340831,3.72535077368531,16548835.0,16.2416301279116,728.0000000000005,54.300000000000004,0.43478260869565216,15943675.0,3.795611739451532,15951475.0,42.3365378433768,3.9079109843124016,41.75166276935676,12.3,10.56910569105689,12.566666666666668,461.131533961487,2.8829428048731787,470.2007272334933,2687800.5711783795,0.09272476757968712
NE,Niger,2011,5.5,59.9,14.3,47.2162690845278,510.75956176268,3.72138303234104,17176283.0,16.2303066053496,811.0000000000005,54.4,0.4782608695652174,16548835.0,3.7914934797524946,16556264.333333334,43.9910120561357,7.331627252122419,44.51460632801343,13.6,5.147058823529416,13.4,474.425692340831,7.658495315162339,482.10559602166603,2787763.3943025405,0.09244324065433049
NE,Niger,2012,5.2,61.8,14.4,49.2241616180599,528.510104469655,3.77324639644684,17836769.0,16.2141284004355,878.0000000000007,56.599999999999994,0.5217391304347826,17176283.0,3.845337201302512,17187295.666666668,47.2162690845278,4.252543821150967,46.81048091957447,14.3,0.6993006993006867,14.1,510.75956176268,3.475322644125578,504.5651195243886,2892076.628149075,0.09313759794139596
NE,Niger,2013,6.6,59.4,15.2,48.2184081143427,552.103334363117,3.75837207594511,18519898.0,16.2162595696064,892.9999999999992,52.8,0.5652173913043478,17836769.0,3.8298920617293453,17844316.666666668,49.2241616180599,-2.043211038353576,48.21961293897681,14.4,5.555555555555558,14.633333333333333,528.510104469655,4.464101952627231,530.4576668651506,3003234.7317063445,0.08733583934964893
NE,Niger,2014,7.3,59.3,15.7,51.2596099409089,565.30989731175,3.6892808045974,19215909.0,16.2450424611665,985.0000000000008,52.0,0.6086956521739131,18519898.0,3.758179445696741,18524192.0,48.2184081143427,6.307138591872308,49.56739322443716,15.2,3.289473684210531,15.1,552.103334363117,2.3920454970385974,548.641112048174,3121632.576349115,0.09067523881090109
NE,Niger,2015,8.1,60.2,16.6,55.3674922006562,485.662574175279,3.69640590007582,19939498.0,16.3035606587493,1104.0,52.1,0.6521739130434783,19215909.0,3.7655725784296656,19225101.666666668,51.2596099409089,8.013877328529784,51.6151700853026,15.7,5.732484076433142,15.833333333333334,565.30989731175,-14.089143585708008,534.3586019500486,3250848.151480104,0.11400403313901163
NE,Niger,2016,8.8,59.2,17.0,65.2139663467895,502.706475406446,3.67426137513091,20685753.0,16.3898280543236,1349.0,50.400000000000006,0.6956521739130435,19939498.0,3.74259672936601,19947053.333333332,55.3674922006562,17.78385430651057,57.28035616278487,16.6,2.409638554216853,16.433333333333334,485.662574175279,3.5094121180965665,517.8929822978249,3390359.348442086,0.1297257336780136
NE,Niger,2017,9.2,60.4,17.6,56.1686470157887,521.804130023434,3.56007044831691,21435446.0,16.5036987906896,1203.9999999999998,51.2,0.7391304347826086,20685753.0,3.624199708852749,20686899.0,65.2139663467895,-13.870218049459437,58.916701854411464,17.0,3.529411764705892,17.066666666666666,502.706475406446,3.798967300261502,503.3910598683863,3537641.4422809226,0.10764316298774061
NE,Niger,2018,11.7,47.6,17.6,55.615475145674,578.568035680892,3.45088050525461,22188069.0,16.6449011799221,1233.9999999999998,35.900000000000006,0.782608695652174,21435446.0,3.511114254399006,21436422.666666668,56.1686470157887,-0.9848410091829463,58.99936283608407,17.6,0.0,17.400000000000002,521.804130023434,10.878393326420909,534.3595470369239,3693182.1587829296,0.09612607630530871
NE,Niger,2019,9.7,62.7,18.5,61.6182226437207,561.691304349698,3.36654855482346,22947757.0,16.813146499685,1414.0000000000002,53.0,0.8260869565217391,22188069.0,3.4238581104105936,22190424.0,55.615475145674,10.793304349776145,57.8007816017278,17.6,5.1136363636363535,17.900000000000002,578.568035680892,-2.916983015028196,554.0211566846747,3858240.00280172,0.10970122230227441
NE,Niger,2020,9.7,63.8,18.7,61.2203260083551,579.512495758236,3.29977391625444,23717613.0,17.0081420003794,1452.000000000001,54.099999999999994,0.8695652173913043,22947757.0,3.3548202554175566,22951146.333333332,61.6182226437207,-0.6457450706850998,59.48467459924993,18.5,1.08108108108107,18.266666666666666,561.691304349698,3.172773242265259,573.2572785962753,4033925.298140445,0.10564108014315417
NE,Niger,2021,9.1,65.9,18.6,61.1375169679057,608.722439593808,3.25425239869281,24502140.0,17.2295936666686,1498.000000000001,56.800000000000004,0.9130434782608695,23717613.0,3.3077822797766387,23722503.333333332,61.2203260083551,-0.13526396517081762,61.3253552066605,18.7,-0.5347593582887611,18.599999999999998,579.512495758236,5.040433821423229,583.3087465672473,4221619.161638274,0.10043578647881277
NE,Niger,2022,7.7,66.1,19.5,62.4210526773239,609.745147574878,3.25170642220024,25311973.0,17.477207007512,1580.0000000000002,58.39999999999999,0.9565217391304348,24502140.0,3.3051521214065405,24510575.333333332,61.1375169679057,2.099424008488926,61.59296521786157,18.6,4.8387096774193505,18.933333333333334,608.722439593808,0.16800891745547553,599.326694308974,4423825.918895545,0.10237236479140403
NE,Niger,2023,10.4,67.4,20.1,62.4210526773239,638.336080897887,3.29489175812772,26159867.0,17.7506873295237,1632.9264360387872,57.00000000000001,1.0,25311973.0,3.349774432834618,25324660.0,62.4210526773239,0.0,61.993207440851165,19.5,3.076923076923088,19.400000000000002,609.745147574878,4.688997269879525,618.9345560221909,4643556.196989251,0.09778712898309322
SN,Senegal,2000,12.8,74.6,37.7,100.820002688533,603.233162455158,2.41009917724256,9968260.0,40.6667555531967,1004.9999999999959,61.8,0.0,0.0,0.0,9968260.0,0.0,0.0,100.820002688533,0.0,0.0,37.7,0.0,0.0,603.233162455158,4053767.9271070855,0.16713272572448729
SN,Senegal,2001,15.3,73.6,38.9,122.393723571523,637.213530563724,2.42496943712898,10212942.0,40.8763420163126,1249.999999999997,58.3,0.043478260869565216,9968260.0,2.454610935108037,10090601.0,100.820002688533,21.398254619808444,111.60686313002799,37.7,3.183023872679036,38.3,603.233162455158,5.633040459888838,620.223346509441,4174677.101847636,0.19207646683717605
SN,Senegal,2002,11.3,74.2,36.8,144.751483201089,669.430447319209,2.44966153599012,10466214.0,41.1081471561292,1515.0000000000027,62.900000000000006,0.08695652173913043,10212942.0,2.4799122525125394,10215805.333333334,122.393723571523,18.267080187735974,122.65506982038166,38.9,-5.398457583547566,37.800000000000004,637.213530563724,5.055905942076211,636.6257134460303,4302466.652795396,0.21623080303675848
SN,Senegal,2003,18.6,75.7,41.9,125.359382217025,817.888034221442,2.40684962152091,10721176.0,41.35893934855,1343.9999999999952,57.1,0.13043478260869565,10466214.0,2.436048030357485,10466777.333333334,144.751483201089,-13.39682368375077,130.83486299654567,36.8,13.858695652173925,39.199999999999996,669.430447319209,22.176700730709832,708.177337368125,4434164.679291299,0.15327205799795834
SN,Senegal,2004,8.7,76.7,36.8,138.214368754843,918.102079522155,2.34632515714346,10975704.0,41.6248193895895,1517.0000000000055,68.0,0.17391304347826086,10721176.0,2.374067919414813,10721031.333333334,125.359382217025,10.254506930772166,136.10841139098568,41.9,-12.171837708830557,38.49999999999999,817.888034221442,12.25278291253007,801.806853687602,4568616.96673595,0.1505435744430287
SN,Senegal,2005,23.3,80.4,47.1,158.159799606105,979.846101520171,2.33918136359556,11235472.0,41.9057599695838,1777.0000000000039,57.10000000000001,0.21739130434782608,10975704.0,2.3667547885766638,10977450.666666666,138.214368754843,14.430794012914895,140.57785019265768,36.8,27.989130434782616,41.93333333333333,918.102079522155,6.725180497374761,905.278738421256,4708309.927769796,0.16141289878148188
SN,Senegal,2006,25.4,83.6,49.9,157.911752721326,1017.20196747987,2.32792929230269,11500094.0,42.2046413043069,1816.0000000000048,58.199999999999996,0.2608695652173913,11235472.0,2.3552370563515224,11237090.0,158.159799606105,-0.15683307983239692,151.428640360758,47.1,5.944798301486198,44.6,979.846101520171,3.812421757023232,971.7167161740654,4853573.422358119,0.1552412969791577
SN,Senegal,2007,24.5,80.0,48.1,182.747420126379,1188.93877808175,2.32279384441662,11770344.0,42.524343609533,2151.000000000004,55.5,0.30434782608695654,11500094.0,2.349980791461359,11501970.0,157.911752721326,15.727561107425391,166.2729908179367,49.9,-3.607214428857708,48.36666666666667,1017.20196747987,16.883255842235535,1061.9956156939304,5005261.526584051,0.15370633332460246
SN,Senegal,2008,26.1,81.2,49.7,160.345802487999,1398.79218010021,2.3395118470328,12048959.0,42.867747101036,1931.9999999999982,55.1,0.34782608695652173,11770344.0,2.3670930943054946,11773132.333333334,182.747420126379,-12.258240156215694,167.00165844523465,48.1,3.3264033264033266,49.23333333333334,1188.93877808175,17.650480065680128,1201.6443085539433,5165117.272427517,0.11463161202153115
SN,Senegal,2009,30.6,83.4,53.5,211.714164155803,1308.69404336205,2.36561415953051,12337389.0,43.23773199459,2611.999999999998,52.800000000000004,0.391304347826087,12048959.0,2.3938167604354854,12052230.666666666,160.345802487999,32.03598776565955,184.93579559006034,49.7,7.645875251509038,50.43333333333334,1398.79218010021,-6.441138149035508,1298.8083338480033,5334407.190950027,0.1617751415845883
SN,Senegal,2010,34.9,84.3,56.5,223.577970898142,1275.88357492357,2.38690195279185,12635413.0,43.6371785059692,2825.0000000000055,49.4,0.43478260869565216,12337389.0,2.4156164647155087,12340587.0,211.714164155803,5.603690612597978,198.545979180648,53.5,5.607476635514019,53.23333333333334,1308.69404336205,-2.5071152883212933,1327.7899327952766,5513737.725776439,0.1752338342560254
SN,Senegal,2011,31.7,87.8,56.5,224.787649751364,1374.67591873844,2.52791519909846,12958897.0,44.0689668509475,2913.000000000002,56.099999999999994,0.4782608695652174,12635413.0,2.560137923469541,12643899.666666666,223.577970898142,0.5410545808079981,220.02659493510302,56.5,0.0,55.5,1275.88357492357,7.743053187340232,1319.75117900802,5710852.023178429,0.1635204681243379
SN,Senegal,2012,32.5,86.3,56.5,238.758964260908,1326.83798848379,2.67702425205872,13310495.0,44.5359772452989,3177.999999999994,53.8,0.5217391304347826,12958897.0,2.7131784441222218,12968268.333333334,224.787649751364,6.215339021070587,229.04152830347132,56.5,0.0,56.5,1374.67591873844,-3.4799424069748452,1325.7991607152667,5927959.024436648,0.17994583086496013
SN,Senegal,2013,31.8,87.8,57.0,238.934875586479,1379.83196553924,2.96345954605318,13710849.0,45.0398750539456,3276.0,56.0,0.5652173913043478,13310495.0,3.0078069974107002,13326747.0,238.758964260908,0.07367737002694774,234.16049653291702,56.5,0.8849557522123908,56.666666666666664,1326.83798848379,3.99400510954675,1360.4486242538233,6175349.258435151,0.17316229914495637
SN,Senegal,2014,41.0,85.0,61.0,255.227103365988,1398.89137601382,3.16757470346908,14152102.0,45.6020905341588,3612.000000000006,44.0,0.6086956521739131,13710849.0,3.218276271586107,13724482.0,238.934875586479,6.818689711796488,244.30698107112502,57.0,7.017543859649122,58.166666666666664,1379.83196553924,1.381284891971002,1368.5204433456165,6453654.3665264975,0.18244955093887613
SN,Senegal,2015,38.1,86.9,60.5,264.024711013544,1218.00613555438,3.07014792428801,14593331.0,46.2747669629858,3852.9999999999927,48.800000000000004,0.6521739130434783,14152102.0,3.1177630008602186,14152094.0,255.227103365988,3.446972336217957,252.72889665533702,61.0,-0.8196721311475419,59.5,1398.89137601382,-12.930613738922137,1332.2431590358135,6753029.912387165,0.2167679647142107
SN,Senegal,2016,44.5,87.7,64.5,275.831867207475,1266.43957151587,2.97843134010735,15034521.0,47.0553579909929,4146.9999999999945,43.2,0.6956521739130435,14593331.0,3.0232302686754586,14593318.0,264.024711013544,4.471989060647186,265.0278938623357,60.5,6.6115702479338845,62.0,1218.00613555438,3.976452543849085,1294.4456943613568,7074547.6787810065,0.21780104902859038
SN,Senegal,2017,35.4,91.7,61.7,263.069432882787,1356.80518449031,2.88769908740551,15475002.0,47.9338349639053,4070.9999999999945,56.300000000000004,0.7391304347826086,15034521.0,2.9297973643456876,15034284.666666666,275.831867207475,-4.62688900085948,267.6420037012686,64.5,-4.341085271317824,62.23333333333333,1266.43957151587,7.135406616067463,1280.4169638535202,7417761.9193410445,0.1938888765240164
SN,Senegal,2018,41.4,93.5,66.0,271.6391054245,1452.55612562445,2.8004569855314,15914498.0,48.9001692274485,4322.9999999999945,52.1,0.782608695652174,15475002.0,2.8400384051646688,15474673.666666666,263.069432882787,3.2575706146488193,270.1801351715873,61.7,6.969205834683945,64.06666666666666,1356.80518449031,7.057088388861765,1358.6002938768768,7782216.453698907,0.18700764853937954
SN,Senegal,2019,47.8,95.2,70.4,310.52554399758,1431.18128932159,2.71760793051867,16352922.0,49.9443321273477,5077.999999999994,47.400000000000006,0.8260869565217391,15914498.0,2.754871689952143,15914140.666666666,271.6391054245,14.315478808660774,281.7446941016223,66.0,6.666666666666665,66.03333333333335,1452.55612562445,-1.4715325573854243,1413.5141998121169,8167357.676206109,0.21697149502616514
SN,Senegal,2020,38.6,92.0,64.3,312.164609920211,1461.08720350553,2.63303572524896,16789219.0,51.0562950093282,5240.9999999999945,53.4,0.8695652173913043,16352922.0,2.6680063660794007,16352213.0,310.52554399758,0.5278361005443655,298.109753114097,70.4,-8.66477272727274,66.9,1431.18128932159,2.089596503746649,1448.27487281719,8571953.182402182,0.2136522783658953
SN,Senegal,2021,43.4,93.9,68.0,329.600129888931,1598.10676952274,2.53848919398481,17220867.0,52.2260292191155,5676.0000000000055,50.50000000000001,0.9130434782608695,16789219.0,2.570983200588417,16787669.333333332,312.164609920211,5.585360868798217,317.4300946022407,64.3,5.754276827371707,67.56666666666666,1461.08720350553,9.377918421875453,1496.7917541166198,8993775.03120502,0.20624412346827306
SN,Senegal,2022,43.4,96.6,67.9,399.521774928173,1574.0281059306,2.46764281803509,17651103.0,53.4435061024348,7051.999999999999,53.199999999999996,0.9565217391304348,17220867.0,2.4983411113969956,17220396.333333332,329.600129888931,21.21408297466516,347.09550491243834,68.0,-0.14705882352940014,66.73333333333333,1598.10676952274,-1.5066993051616184,1544.4073596529568,9433368.308952052,0.2538212458995241
SN,Senegal,2023,56.5,96.1,74.2,410.176742198745,1698.03387300843,2.38738348832592,18077573.0,54.6992276190794,7414.999999999994,39.599999999999994,1.0,17651103.0,2.4161096334886167,17649847.666666668,399.521774928173,2.666930299978665,379.7662156719496,67.9,9.278350515463906,70.03333333333335,1574.0281059306,7.878243508524574,1623.3895828205902,9888292.80327524,0.24155981144947905
TG,Togo,2000,6.4,38.5,17.0,91.2444793685337,409.889802792768,2.75685668978126,5140037.0,33.0994844063309,468.9999999999999,32.1,0.0,0.0,0.0,5140037.0,0.0,0.0,91.2444793685337,0.0,0.0,17.0,0.0,0.0,409.889802792768,1701325.7452946387,0.22260734164851878
TG,Togo,2001,5.4,47.9,19.6,94.7439469039763,396.692654520135,2.63698635340958,5277382.0,33.5503635916513,500.0000000000002,42.5,0.043478260869565216,5140037.0,2.672062477371262,5208709.5,91.2444793685337,3.835264949354733,92.994213136255,17.0,15.294117647058837,18.3,409.889802792768,-3.219682017633707,403.2912286564515,1770580.8491203592,0.23883463891859724
TG,Togo,2002,6.5,50.2,21.3,92.5502754894727,445.238691488925,2.54239439953807,5413274.0,34.0011370438307,500.99999999999983,43.7,0.08695652173913043,5277382.0,2.5749888865350234,5276897.666666667,94.7439469039763,-2.315368407363161,92.8462339206609,19.6,8.673469387755105,19.3,396.692654520135,12.23769495493039,417.27371626727603,1840574.711298056,0.20786665053743386
TG,Togo,2003,7.6,52.6,23.0,98.8803110569261,538.16537776929,2.53342165886308,5552167.0,34.4513989657696,549.0000000000002,45.0,0.13043478260869565,5413274.0,2.56578551168849,5414274.333333333,92.5502754894727,6.839564262748654,95.39151115012504,21.3,7.9812206572769995,21.3,445.238691488925,20.87120640158393,460.03224125945,1912799.204415801,0.18373592048375104
TG,Togo,2004,8.7,55.0,24.8,103.045585119866,560.266308533382,2.56650535233,5696508.0,34.9007435603688,586.9999999999976,46.3,0.17391304347826086,5552167.0,2.5997236754585984,5553983.0,98.8803110569261,4.212440291113073,98.15872388875493,23.0,7.826086956521738,23.03333333333333,538.16537776929,4.106717317212216,514.556792597199,1988123.6489758936,0.18392250890404255
TG,Togo,2005,9.8,57.4,26.5,105.053680891061,551.259850017077,2.56701065239466,5844631.0,35.3487650305291,614.0000000000027,47.599999999999994,0.21739130434782608,5696508.0,2.6002421132385045,5697768.666666667,103.045585119866,1.9487450809844153,102.32652568928437,24.8,6.854838709677424,24.76666666666667,560.266308533382,-1.6075317003946488,549.8971787732497,2066004.8790914633,0.1905701655722009
TG,Togo,2006,7.4,64.9,27.9,104.148157908572,552.50227125256,2.80124284070489,6010668.0,35.795057579151,626.0000000000007,57.50000000000001,0.2608695652173913,5844631.0,2.840846582102441,5850602.333333333,105.053680891061,-0.8619621652553144,104.08247463983302,26.5,5.283018867924527,26.400000000000002,551.259850017077,0.22537850987052188,554.6761432676731,2151522.0714916037,0.18850267831924217
TG,Togo,2007,11.8,62.2,30.0,97.9260364323638,607.587886721352,2.91316321758797,6188344.0,36.2392154091353,605.9999999999999,50.400000000000006,0.30434782608695654,6010668.0,2.956010879323223,6014547.666666667,104.148157908572,-5.97429815481747,102.3759584106656,27.9,7.526881720430123,28.133333333333336,552.50227125256,9.970206157507565,570.450002663663,2242607.3124182997,0.16117180505488585
TG,Togo,2008,12.9,64.7,31.8,100.175668554826,718.948386717473,2.87454303428326,6368812.0,36.6808327233827,637.9999999999985,51.800000000000004,0.34782608695652173,6188344.0,2.916256756250135,6189274.666666667,97.9260364323638,2.297276806476267,100.74995429858727,30.0,6.000000000000005,29.900000000000002,607.587886721352,18.32829495614885,626.3461815637951,2336133.276186724,0.1393363840931634
TG,Togo,2009,13.9,67.2,33.7,118.439558812643,720.693768151415,2.83367889670304,6551865.0,37.1195037247939,775.9999999999973,53.300000000000004,0.391304347826087,6368812.0,2.8742095072048057,6369673.666666667,100.175668554826,18.231862608255224,105.51375459994426,31.8,5.974842767295607,31.833333333333332,718.948386717473,0.2427686696552689,682.4100138634134,2432019.772718468,0.1643410336632178
TG,Togo,2010,9.3,66.5,30.8,118.379405251174,704.986772286079,2.72101716624637,6732590.0,37.5545882975638,797.0000000000016,57.2,0.43478260869565216,6551865.0,2.7583749054658435,6551089.0,118.439558812643,-0.05078840386778527,112.33154420621435,33.7,-8.60534124629081,32.1,720.693768151415,-2.1794271796777953,714.8763090516558,2528396.4562629503,0.16791720058420673
TG,Togo,2011,16.3,77.9,39.7,128.678283183021,783.988944671672,2.69461885935872,6916474.0,37.9872305648732,890.0000000000019,61.60000000000001,0.4782608695652174,6732590.0,2.7312520144550545,6733643.0,118.379405251174,8.699889909055658,121.832415748946,30.8,28.89610389610391,34.73333333333334,704.986772286079,11.206192157252914,736.5564950363887,2627376.925339508,0.1641327777101632
TG,Togo,2012,15.8,76.3,39.1,147.308673354424,762.39162379069,2.62923384476283,7100736.0,38.4194359598204,1045.9999999999993,60.5,0.5217391304347826,6916474.0,2.664103125378614,6916600.0,128.678283183021,14.478270700040907,131.4554539295397,39.7,-1.5113350125944613,36.53333333333334,783.988944671672,-2.7547991623819157,750.4557802494804,2728062.7201959128,0.19321916552806553
TG,Togo,2013,17.1,78.1,41.0,86.8856000775245,826.542799987227,2.56796697750519,7285442.0,38.8516767884103,633.0000000000002,60.99999999999999,0.5652173913043478,7100736.0,2.6012233098090087,7100884.0,147.308673354424,-41.018001113567735,120.95751887165649,39.1,4.859335038363177,39.93333333333334,762.39162379069,8.41446498029066,790.9744561498629,2830516.378447095,0.10511929942268833
TG,Togo,2014,21.1,83.2,45.7,173.035617501623,855.584809246574,2.53448135308774,7472450.0,39.2839506458368,1293.000000000003,62.1,0.6086956521739131,7285442.0,2.5668724011528754,7286209.333333333,86.8856000775245,99.15338945375336,135.74329697785717,41.0,11.463414634146352,41.93333333333334,826.542799987227,3.513672765620335,814.839744341497,2935473.570034832,0.20224250785143996
TG,Togo,2015,19.8,82.0,44.7,91.6066992944849,751.051987587248,2.52060746648904,7663195.0,39.7162551272934,702.0000000000002,62.2,0.6521739130434783,7472450.0,2.552643376670294,7473695.666666667,173.035617501623,-47.05905025962318,117.17597229121078,45.7,-2.188183807439825,43.80000000000001,855.584809246574,-12.217704256738415,811.0598656070164,3043534.077101992,0.1219711828321913
TG,Togo,2016,21.0,84.4,46.8,126.617893538912,772.581357620609,2.51398996486491,7858289.0,40.1485878279739,995.0000000000032,63.400000000000006,0.6956521739130435,7663195.0,2.5458571783701256,7664644.666666667,91.6066992944849,38.219032575202625,130.4200701116733,44.7,4.69798657718119,45.73333333333334,751.051987587248,2.8665618877494747,793.072718151477,3154992.060941012,0.16388939791256285
TG,Togo,2017,19.5,88.8,48.0,170.40786184676,792.765700965864,2.49897565726694,8057140.0,40.5809463430719,1373.0000000000039,69.3,0.7391304347826086,7858289.0,2.5304617837292653,7859541.333333333,126.617893538912,34.5843443481316,129.5441515600523,46.8,2.564102564102577,46.5,772.581357620609,2.6125848295665,772.1330153912404,3269663.6601861836,0.21495362581799898
TG,Togo,2018,26.3,83.1,50.0,125.442286982408,851.120561233595,2.47179798610782,8258778.0,41.013328267781,1035.9999999999977,56.8,0.782608695652174,8057140.0,2.50260017822701,8058069.0,170.40786184676,-26.38703072560553,140.82268078936002,48.0,4.166666666666674,48.26666666666667,792.765700965864,7.360921416836597,805.4892066066892,3387199.7320472784,0.14738486261052697
TG,Togo,2019,23.9,91.6,52.5,167.078889121534,826.255209019798,2.44351209316794,8463068.0,41.445731197295,1414.0000000000023,67.69999999999999,0.8260869565217391,8258778.0,2.473610502667589,8259662.0,125.442286982408,33.19183916422466,154.30967931690066,50.0,5.000000000000004,50.166666666666664,851.120561233595,-2.9214841405966863,823.3804904064191,3507580.4143242897,0.20221220671001008
TG,Togo,2020,24.3,94.0,54.1,162.058290233133,863.468665870276,2.41247393684318,8669720.0,41.8781527268075,1404.999999999998,69.7,0.8695652173913043,8463068.0,2.4418095187229927,8463855.333333334,167.078889121534,-3.00492714238062,151.52648877902502,52.5,3.0476190476190546,52.20000000000001,826.255209019798,4.503869560426121,846.9481453745562,3630718.5825865753,0.18768288490213722
TG,Togo,2021,24.7,96.3,55.7,161.515970426583,962.075187515872,2.37825002957617,8878379.0,42.3105904515122,1433.9999999999957,71.6,0.9130434782608695,8669720.0,2.4067559275270822,8670389.0,162.058290233133,-0.3346449020101394,163.55104992708334,54.1,2.957486136783727,54.1,863.468665870276,11.41981470123321,883.933020801982,3756494.577423064,0.16788289784671157
TG,Togo,2022,25.0,96.5,57.2,191.864716012717,951.232378690387,2.35270895960531,9089738.0,42.7332327975627,1744.000000000002,71.5,0.9565217391304348,8878379.0,2.3806034862895675,8879279.0,161.515970426583,18.789934831818368,171.81299222414432,55.7,2.6929982046678624,55.666666666666664,962.075187515872,-1.1270230192176212,925.592077358845,3884338.90022852,0.201701203944369
TG,Togo,2023,30.5,95.0,59.2,191.864716012717,1055.01727877926,2.33345506489111,9304337.0,43.2496853032436,1785.1739761916153,64.5,1.0,9089738.0,2.36089313025305,9090818.0,191.864716012717,0.0,181.7484674840057,57.2,3.4965034965035002,57.366666666666674,951.232378690387,10.910572685904496,989.441614995173,4024096.472053257,0.18185931156949384
