country_code,country_name,year,actual,predicted,error,error_pct
BF,Burkina Faso,1990,165.9999999999996,-3.4196508740672584,169.41965087406686,102.06
BF,Burkina Faso,1991,174.99999999999977,8.789161525534865,166.2108384744649,94.98
BF,Burkina Faso,1992,181.00000000000017,-45.37604235619358,226.37604235619375,125.07
BF,Burkina Faso,1993,193.99999999999952,13.56127301231129,180.43872698768823,93.01
BF,Burkina Faso,1994,195.00000000000043,35.56312983924377,159.43687016075665,81.76
BF,Burkina Faso,1995,213.9999999999997,82.3475569318471,131.6524430681526,61.52
BF,Burkina Faso,1996,233.99999999999977,84.79127125843183,149.20872874156794,63.76
BF,Burkina Faso,1997,269.0000000000002,109.78068846207333,159.2193115379269,59.19
BF,Burkina Faso,1998,289.99999999999983,159.6190754786516,130.38092452134822,44.96
BF,Burkina Faso,1999,314.9999999999996,168.38739163706202,146.61260836293758,46.54
BF,Burkina Faso,2000,341.00000000000045,227.51192044802997,113.48807955197049,33.28
BF,Burkina Faso,2001,368.99999999999966,263.54554796939857,105.45445203060109,28.58
BF,Burkina Faso,2002,418.9999999999999,321.810603119464,97.18939688053587,23.2
BF,Burkina Faso,2003,444.9999999999994,292.3506005555887,152.64939944441068,34.3
BF,Burkina Faso,2004,493.9999999999999,391.04709845868126,102.95290154131862,20.84
BF,Burkina Faso,2005,560.0000000000003,493.831432529577,66.16856747042334,11.82
BF,Burkina Faso,2006,601.9999999999993,511.2464294546737,90.7535705453256,15.08
BF,Burkina Faso,2007,632.9999999999997,503.8379995987924,129.16200040120725,20.4
BF,Burkina Faso,2008,661.0000000000005,533.9424642406077,127.05753575939275,19.22
BF,Burkina Faso,2009,742.9999999999995,663.5525449266147,79.44745507338484,10.69
BF,Burkina Faso,2010,1106.999999999999,1153.9511455742143,-46.95114557421516,-4.24
BF,Burkina Faso,2011,1260.000000000001,1214.842534541784,45.15746545821685,3.58
BF,Burkina Faso,2012,1481.0000000000005,1587.7249713491983,-106.72497134919786,-7.21
BF,Burkina Faso,2013,1629.000000000001,1685.706654174329,-56.70665417432815,-3.48
BF,Burkina Faso,2014,1784.0,1865.4497677213185,-81.4497677213185,-4.57
BF,Burkina Faso,2015,2117.999999999999,2476.410241346469,-358.4102413464698,-16.92
BF,Burkina Faso,2016,2099.9999999999955,2461.556669195712,-361.5566691957165,-17.22
BF,Burkina Faso,2017,2225.999999999998,2341.728582024828,-115.72858202482985,-5.2
BF,Burkina Faso,2018,2401.0000000000014,2026.9035752990678,374.09642470093354,15.58
BF,Burkina Faso,2019,2569.000000000001,2200.1742970483383,368.8257029516626,14.36
BF,Burkina Faso,2020,2799.9999999999927,2409.6902065980576,390.30979340193517,13.94
BF,Burkina Faso,2021,2852.999999999994,2218.670028361753,634.3299716382412,22.23
BF,Burkina Faso,2022,2953.000000000001,2039.46352342365,913.5364765763509,30.94
BF,Burkina Faso,2023,3020.7917605363687,2168.3896247208895,852.4021358154791,28.22
BJ,Benin,1990,174.00000000000014,22.32343676202879,151.67656323797135,87.17
BJ,Benin,1991,189.0000000000001,44.79643243890024,144.20356756109987,76.3
BJ,Benin,1992,207.00000000000023,67.78067076927042,139.2193292307298,67.26
BJ,Benin,1993,216.0000000000001,51.105735496195564,164.89426450380455,76.34
BJ,Benin,1994,224.9999999999998,92.65472755189009,132.3452724481097,58.82
BJ,Benin,1995,247.0,120.27899501289164,126.72100498710836,51.3
BJ,Benin,1996,270.99999999999983,122.165152725226,148.83484727477384,54.92
BJ,Benin,1997,301.0000000000001,159.74738765879073,141.25261234120939,46.93
BJ,Benin,1998,290.0,126.1679184363565,163.8320815636435,56.49
BJ,Benin,1999,345.9999999999997,164.78689828850702,181.2131017114927,52.37
BJ,Benin,2000,399.0000000000002,263.8408129908035,135.15918700919673,33.87
BJ,Benin,2001,434.9999999999999,333.47556777318283,101.52443222681705,23.34
BJ,Benin,2002,497.99999999999983,374.83170221542946,123.16829778457037,24.73
BJ,Benin,2003,486.0000000000001,309.07781189384673,176.92218810615338,36.4
BJ,Benin,2004,545.0000000000001,370.7503241818538,174.24967581814633,31.97
BJ,Benin,2005,589.0000000000003,411.8078836371577,177.19211636284263,30.08
BJ,Benin,2006,617.0000000000003,395.3945545075785,221.60544549242184,35.92
BJ,Benin,2007,674.0,480.20326542448174,193.79673457551826,28.75
BJ,Benin,2008,750.9999999999997,629.3550558369764,121.6449441630233,16.2
BJ,Benin,2009,786.0000000000001,628.2961382624424,157.70386173755776,20.06
BJ,Benin,2010,843.0000000000005,695.3012092688455,147.698790731155,17.52
BJ,Benin,2011,883.0,707.3646866440787,175.6353133559213,19.89
BJ,Benin,2012,888.9999999999998,652.4181882476291,236.58181175237064,26.61
BJ,Benin,2013,979.9999999999995,797.3755253967381,182.62447460326143,18.64
BJ,Benin,2014,1149.9999999999984,1057.3575757321425,92.64242426785586,8.06
BJ,Benin,2015,1100.9999999999995,1010.3009446437218,90.69905535627777,8.24
BJ,Benin,2016,1077.0,196.91312629476056,880.0868737052394,81.72
BJ,Benin,2017,1145.0,1109.686979305891,35.3130206941089,3.08
BJ,Benin,2018,1200.0,1095.4277418418158,104.57225815818424,8.71
BJ,Benin,2019,1256.0000000000002,1483.3724216315757,-227.37242163157543,-18.1
BJ,Benin,2020,1287.0000000000002,1633.193245247782,-346.19324524778176,-26.9
BJ,Benin,2021,1519.000000000002,2206.5085141057316,-687.5085141057295,-45.26
BJ,Benin,2022,1449.0000000000036,3419.7023367586835,-1970.7023367586798,-136.0
BJ,Benin,2023,1486.019606815687,3693.050399303611,-2207.030792487924,-148.52
CI,Cote d'Ivoire,1990,1912.999999999996,2057.643504884554,-144.6435048845583,-7.56
CI,Cote d'Ivoire,1991,1835.0000000000011,1961.043751257985,-126.04375125798379,-6.87
CI,Cote d'Ivoire,1992,1961.000000000002,1964.289482241755,-3.2894822417529213,-0.17
CI,Cote d'Ivoire,1993,1914.000000000004,1771.150975983375,142.84902401662907,7.46
CI,Cote d'Ivoire,1994,2011.9999999999995,2118.499894152178,-106.49989415217851,-5.29
CI,Cote d'Ivoire,1995,2503.9999999999995,2867.9065938078375,-363.9065938078379,-14.53
CI,Cote d'Ivoire,1996,2370.0000000000005,2355.9154777137437,14.084522286256743,0.59
CI,Cote d'Ivoire,1997,2602.9999999999927,2677.0622974808157,-74.06229748082296,-2.85
CI,Cote d'Ivoire,1998,2915.000000000001,3277.3270075159508,-362.32700751594984,-12.43
CI,Cote d'Ivoire,1999,2819.000000000002,3061.2845072043547,-242.28450720435285,-8.59
CI,Cote d'Ivoire,2000,2862.999999999993,3026.838073922011,-163.83807392201788,-5.72
CI,Cote d'Ivoire,2001,3070.999999999994,3356.800108991709,-285.80010899171475,-9.31
CI,Cote d'Ivoire,2002,3044.000000000004,3251.874449841044,-207.87444984104013,-6.83
CI,Cote d'Ivoire,2003,3068.999999999998,3202.402640006251,-133.40264000625302,-4.35
CI,Cote d'Ivoire,2004,3115.9999999999927,3243.2775633959545,-127.2775633959618,-4.08
CI,Cote d'Ivoire,2005,3150.9999999999927,3269.2746704321535,-118.27467043216075,-3.75
CI,Cote d'Ivoire,2006,3407.9999999999927,3439.024509453432,-31.02450945343935,-0.91
CI,Cote d'Ivoire,2007,3586.9999999999995,3658.2251751982612,-71.2251751982617,-1.99
CI,Cote d'Ivoire,2008,3836.000000000001,3854.0120751022414,-18.012075102240487,-0.47
CI,Cote d'Ivoire,2009,4021.9999999999886,4254.0161673322,-232.01616733221135,-5.77
CI,Cote d'Ivoire,2010,4414.999999999999,4493.581251755049,-78.58125175505029,-1.78
CI,Cote d'Ivoire,2011,4141.000000000005,4010.7460537691895,130.25394623081502,3.15
CI,Cote d'Ivoire,2012,5059.000000000004,5216.349312639664,-157.34931263966064,-3.11
CI,Cote d'Ivoire,2013,5150.000000000011,4989.215973137734,160.78402686227673,3.12
CI,Cote d'Ivoire,2014,6221.999999999992,7831.852288672567,-1609.852288672575,-25.87
CI,Cote d'Ivoire,2015,6119.000000000009,7463.323579727538,-1344.3235797275292,-21.97
CI,Cote d'Ivoire,2016,6229.000000000009,7717.7711376290345,-1488.7711376290254,-23.9
CI,Cote d'Ivoire,2017,7287.999999999992,7543.154515565812,-255.15451556582047,-3.5
CI,Cote d'Ivoire,2018,7134.000000000008,7406.585852057792,-272.585852057784,-3.82
CI,Cote d'Ivoire,2019,7861.000000000013,7466.526536369012,394.4734636310004,5.02
CI,Cote d'Ivoire,2020,8386.0,7235.003681821154,1150.9963181788462,13.73
CI,Cote d'Ivoire,2021,9131.99999999999,7471.141169994107,1660.8588300058836,18.19
CI,Cote d'Ivoire,2022,9839.000000000007,7236.1233510614065,2602.8766489386007,26.45
CI,Cote d'Ivoire,2023,10088.46354759247,7512.99119849968,2575.47234909279,25.53
GW,Guinee-Bissau,1990,96.3128275549964,-63.24091691916263,159.55374447415903,165.66
GW,Guinee-Bissau,1991,98.38712589850768,-51.56814691319708,149.95527281170476,152.41
GW,Guinee-Bissau,1992,101.32665493399286,-33.87690996436898,135.20356489836183,133.43
GW,Guinee-Bissau,1993,104.72832616599138,-29.71192991975694,134.44025608574833,128.37
GW,Guinee-Bissau,1994,108.0208914813045,-25.69685607967611,133.71774756098063,123.79
GW,Guinee-Bissau,1995,110.78246807425384,-24.28780221994768,135.07027029420152,121.92
GW,Guinee-Bissau,1996,113.11553439423749,-39.01141755494996,152.12695194918746,134.49
GW,Guinee-Bissau,1997,115.29270685683562,-19.957042876051887,135.2497497328875,117.31
GW,Guinee-Bissau,1998,117.46176809081344,-13.284635317720756,130.7464034085342,111.31
GW,Guinee-Bissau,1999,119.7104578496614,-16.752002370694058,136.46246022035547,113.99
GW,Guinee-Bissau,2000,122.13739680331182,-100.03116465274485,222.16856145605666,181.9
GW,Guinee-Bissau,2001,124.76187384909343,-86.31632772923359,211.07820157832703,169.18
GW,Guinee-Bissau,2002,127.53492486301788,-83.22795598675015,210.762880849768,165.26
GW,Guinee-Bissau,2003,130.45288990046367,-4.373195893449179,134.82608579391285,103.35
GW,Guinee-Bissau,2004,133.49529305503577,-0.3505515435380744,133.84584459857385,100.26
GW,Guinee-Bissau,2005,136.66282674868944,-2.0309478985260796,138.69377464721552,101.49
GW,Guinee-Bissau,2006,139.9981243903925,-9.436785704969452,149.43491009536194,106.74
GW,Guinee-Bissau,2007,143.52779476671645,15.757821538223084,127.76997322849337,89.02
GW,Guinee-Bissau,2008,147.19446577278583,16.362833136730302,130.83163263605553,88.88
GW,Guinee-Bissau,2009,150.9852781437149,15.735739537474899,135.24953860624,89.58
GW,Guinee-Bissau,2010,154.93900750900556,7.7083158222976635,147.2306916867079,95.02
GW,Guinee-Bissau,2011,159.06673261994413,24.409296624353033,134.6574359955911,84.65
GW,Guinee-Bissau,2012,163.35391261546738,29.250541829820833,134.10337078564655,82.09
GW,Guinee-Bissau,2013,167.76127727896227,22.229265369195844,145.53201190976642,86.75
GW,Guinee-Bissau,2014,172.22729997382115,30.68320892808194,141.5440910457392,82.18
GW,Guinee-Bissau,2015,176.711721309209,60.81900894862156,115.89271236058744,65.58
GW,Guinee-Bissau,2016,181.20613330423893,27.68971959161928,153.51641371261965,84.72
GW,Guinee-Bissau,2017,185.67512352176377,79.10475886481373,106.57036465695003,57.4
GW,Guinee-Bissau,2018,190.13590359324607,48.69262808106362,141.44327551218245,74.39
GW,Guinee-Bissau,2019,194.63941599111837,50.03568059507779,144.60373539604058,74.29
GW,Guinee-Bissau,2020,199.14599482907877,79.81522580625108,119.3307690228277,59.92
GW,Guinee-Bissau,2021,203.6552444374385,79.0276198954906,124.62762454194791,61.2
GW,Guinee-Bissau,2022,208.27350104506152,89.12165395069422,119.1518470943673,57.21
GW,Guinee-Bissau,2023,213.0027430003917,-17.407663291541326,230.41040629193301,108.17
ML,Mali,1990,907.9462024020768,1152.4569879684345,-244.51078556635775,-26.93
ML,Mali,1991,926.1527452971648,898.7654759232303,27.387269373934487,2.96
ML,Mali,1992,945.0115496742324,893.5503953501509,51.46115432408146,5.45
ML,Mali,1993,964.9182852220756,956.8466642350093,8.071620987066353,0.84
ML,Mali,1994,985.9130134966846,1506.2535158141018,-520.3405023174172,-52.78
ML,Mali,1995,1007.5100499550626,1144.0684156316536,-136.55836567659094,-13.55
ML,Mali,1996,1029.461111867491,1026.3154806631435,3.14563120434741,0.31
ML,Mali,1997,1053.1238408536487,1219.649465860825,-166.52562500717636,-15.81
ML,Mali,1998,1080.1360126728844,1012.6718920517585,67.46412062112586,6.25
ML,Mali,1999,1110.586949757443,1058.5884486690777,51.9985010883654,4.68
ML,Mali,2000,1143.4151692497085,1222.141946428427,-78.72677717871852,-6.89
ML,Mali,2001,1178.3199621861957,1165.1232016824063,13.196760503789392,1.12
ML,Mali,2002,1215.5022298513904,1247.709467535386,-32.20723768399557,-2.65
ML,Mali,2003,1254.7630493092513,1411.1002827747918,-156.33723346554052,-12.46
ML,Mali,2004,1296.0565228758776,1433.3381755228045,-137.2816526469269,-10.59
ML,Mali,2005,1339.2080613010885,1413.3884404359126,-74.18037913482408,-5.54
ML,Mali,2006,1383.8684860845212,1616.161362128103,-232.29287604358183,-16.79
ML,Mali,2007,1430.1258337319337,1582.130476412544,-152.00464268061046,-10.63
ML,Mali,2008,1477.9036410759654,1584.37638387875,-106.47274280278452,-7.2
ML,Mali,2009,1526.8437281308345,1575.105831024828,-48.262102893993415,-3.16
ML,Mali,2010,1577.257882611312,1581.9795671478996,-4.721684536587645,-0.3
ML,Mali,2011,1629.0758731476362,1629.553255119923,-0.4773819722868211,-0.03
ML,Mali,2012,1677.3459925019522,1771.9762147601043,-94.63022225815212,-5.64
ML,Mali,2013,1727.060108385528,1824.413965461974,-97.35385707644582,-5.64
ML,Mali,2014,1782.5183589761943,1790.1036392531125,-7.5852802769181835,-0.43
ML,Mali,2015,1839.1738071277343,1518.391912474575,320.78189465315927,17.44
ML,Mali,2016,1898.3528365544137,1376.8265962716334,521.5262402827802,27.47
ML,Mali,2017,1959.851974118768,1857.8459298450764,102.00604427369171,5.2
ML,Mali,2018,2022.072912112908,2522.6242347799134,-500.5513226670055,-24.75
ML,Mali,2019,2084.032312442754,2604.56303876984,-520.5307263270861,-24.98
ML,Mali,2020,2147.8766831700223,2798.6640378627826,-650.7873546927603,-30.3
ML,Mali,2021,2214.625566165318,2849.1942155339366,-634.5686493686185,-28.65
ML,Mali,2022,2282.2860721235984,2995.972912218357,-713.6868400947587,-31.27
ML,Mali,2023,2351.180770758655,2801.3838777089713,-450.2031069503164,-19.15
NE,Niger,1990,301.0000000000001,131.6718906394217,169.32810936057842,56.26
NE,Niger,1991,295.00000000000006,162.97326498540178,132.02673501459827,44.75
NE,Niger,1992,287.9999999999997,137.82402627994668,150.17597372005304,52.14
NE,Niger,1993,289.0000000000001,178.27827491501182,110.7217250849883,38.31
NE,Niger,1994,283.9999999999996,166.39073290912575,117.60926709087386,41.41
NE,Niger,1995,303.99999999999966,208.50877430178434,95.49122569821532,31.41
NE,Niger,1996,312.99999999999994,203.3057483019664,109.69425169803355,35.05
NE,Niger,1997,316.00000000000017,214.3801323827554,101.61986761724478,32.16
NE,Niger,1998,329.00000000000034,235.62739727696749,93.37260272303286,28.38
NE,Niger,1999,338.00000000000034,234.06028262884115,103.93971737115919,30.75
NE,Niger,2000,370.9999999999998,291.4707913178438,79.52920868215597,21.44
NE,Niger,2001,361.99999999999966,264.2341252504712,97.76587474952845,27.01
NE,Niger,2002,370.99999999999983,284.17305232016287,86.82694767983696,23.4
NE,Niger,2003,377.0,266.07193684860584,110.92806315139416,29.42
NE,Niger,2004,440.0000000000002,339.392834510028,100.6071654899722,22.87
NE,Niger,2005,500.0,419.0461158629082,80.95388413709179,16.19
NE,Niger,2006,492.9999999999993,385.41348538983164,107.58651461016768,21.82
NE,Niger,2007,574.0000000000003,471.6782639120644,102.32173608793596,17.83
NE,Niger,2008,598.0000000000001,480.47265883560476,117.52734116439535,19.65
NE,Niger,2009,675.0000000000006,568.4029170286244,106.59708297137615,15.79
NE,Niger,2010,728.0000000000005,571.4917799373147,156.50822006268572,21.5
NE,Niger,2011,811.0000000000005,655.4281360839286,155.57186391607183,19.18
NE,Niger,2012,878.0000000000007,633.8169960636681,244.18300393633263,27.81
NE,Niger,2013,892.9999999999992,495.791840238988,397.2081597610112,44.48
NE,Niger,2014,985.0000000000008,728.52488359269,256.4751164073108,26.04
NE,Niger,2015,1104.0,1098.4649865997214,5.535013400278558,0.5
NE,Niger,2016,1349.0,1476.9889501988434,-127.98895019884344,-9.49
NE,Niger,2017,1203.9999999999998,1355.8067582546755,-151.80675825467574,-12.61
NE,Niger,2018,1233.9999999999998,1096.088662542904,137.91133745709567,11.18
NE,Niger,2019,1414.0000000000002,1424.7758275577935,-10.775827557793264,-0.76
NE,Niger,2020,1452.000000000001,1530.348293176411,-78.34829317641015,-5.4
NE,Niger,2021,1498.000000000001,1460.5347566730434,37.465243326957534,2.5
NE,Niger,2022,1580.0000000000002,1252.8460324084842,327.153967591516,20.71
NE,Niger,2023,1632.9264360387872,1372.1874263242607,260.73900971452645,15.97
SN,Senegal,1990,779.9999999999993,783.566442964707,-3.566442964707676,-0.46
SN,Senegal,1991,796.000000000002,783.4538402986079,12.546159701394117,1.58
SN,Senegal,1992,873.0000000000003,818.0598552502165,54.940144749783826,6.29
SN,Senegal,1993,858.9999999999974,803.6663055130681,55.33369448692929,6.44
SN,Senegal,1994,931.0000000000008,827.0192949799846,103.98070502001622,11.17
SN,Senegal,1995,949.9999999999998,874.5069714653016,75.49302853469817,7.95
SN,Senegal,1996,981.0000000000024,930.7498359931376,50.25016400686479,5.12
SN,Senegal,1997,1072.999999999999,1044.3849415770044,28.615058422994707,2.67
SN,Senegal,1998,1142.000000000003,1142.6841485375842,-0.6841485375812226,-0.06
SN,Senegal,1999,1132.000000000001,1084.334663761065,47.66533623893588,4.21
SN,Senegal,2000,1004.999999999996,889.4830974567924,115.51690254320363,11.49
SN,Senegal,2001,1249.999999999997,1289.9478862989265,-39.94788629892946,-3.2
SN,Senegal,2002,1515.0000000000027,1804.2664944255987,-289.26649442559597,-19.09
SN,Senegal,2003,1343.9999999999952,1266.5862922414453,77.41370775854989,5.76
SN,Senegal,2004,1517.0000000000057,1569.8053923391458,-52.8053923391401,-3.48
SN,Senegal,2005,1777.000000000004,1857.8699626781683,-80.86996267816426,-4.55
SN,Senegal,2006,1816.0000000000048,1730.1857015475878,85.814298452417,4.73
SN,Senegal,2007,2151.000000000004,2263.933943517205,-112.93394351720099,-5.25
SN,Senegal,2008,1931.9999999999984,1684.4741292688639,247.52587073113455,12.81
SN,Senegal,2009,2611.999999999998,3055.105797563705,-443.1057975637068,-16.96
SN,Senegal,2010,2825.000000000005,3259.7495600182438,-434.74956001823875,-15.39
SN,Senegal,2011,2913.000000000002,3069.9988911602504,-156.9988911602486,-5.39
SN,Senegal,2012,3177.999999999994,3429.4296061872283,-251.42960618723419,-7.91
SN,Senegal,2013,3276.0,3443.847682057618,-167.84768205761793,-5.12
SN,Senegal,2014,3612.000000000006,3822.0830986933097,-210.08309869330378,-5.82
SN,Senegal,2015,3852.9999999999927,4099.995845336602,-246.9958453366089,-6.41
SN,Senegal,2016,4146.9999999999945,4492.934147373838,-345.9341473738432,-8.34
SN,Senegal,2017,4070.9999999999945,4491.8154052628315,-420.815405262837,-10.34
SN,Senegal,2018,4322.9999999999945,4507.288687296777,-184.28868729678288,-4.26
SN,Senegal,2019,5077.999999999994,4953.404524041158,124.59547595883578,2.45
SN,Senegal,2020,5240.9999999999945,5232.095611396346,8.90438860364884,0.17
SN,Senegal,2021,5676.0000000000055,5106.336731784366,569.6632682156396,10.04
SN,Senegal,2022,7051.999999999999,5812.288527783237,1239.7114722167616,17.58
SN,Senegal,2023,7414.999999999994,6047.984242860124,1367.0157571398695,18.44
TG,Togo,1990,342.99999999999994,234.66580684762675,108.33419315237319,31.58
TG,Togo,1991,327.99999999999983,206.59860678362168,121.40139321637815,37.01
TG,Togo,1992,371.9999999999999,300.75676100318236,71.24323899681752,19.15
TG,Togo,1993,281.9999999999999,143.9410498225826,138.05895017741727,48.96
TG,Togo,1994,322.00000000000006,88.21787195583988,233.78212804416017,72.6
TG,Togo,1995,426.0000000000001,304.9340485892096,121.06595141079049,28.42
TG,Togo,1996,453.0,350.13636691661657,102.86363308338343,22.71
TG,Togo,1997,473.9999999999984,383.24444973088464,90.75555026911377,19.15
TG,Togo,1998,493.00000000000006,400.14413238558427,92.85586761441579,18.83
TG,Togo,1999,541.0000000000022,426.0656468135487,114.93435318645345,21.24
TG,Togo,2000,468.9999999999999,391.42827912840426,77.57172087159563,16.54
TG,Togo,2001,500.0000000000002,352.0662180202746,147.9337819797256,29.59
TG,Togo,2002,500.99999999999983,370.4935041406027,130.50649585939715,26.05
TG,Togo,2003,549.0000000000002,439.0982290969798,109.9017709030204,20.02
TG,Togo,2004,586.9999999999976,463.2035676719046,123.79643232809303,21.09
TG,Togo,2005,614.0000000000027,537.1308872534739,76.8691127465288,12.52
TG,Togo,2006,626.0000000000007,504.7086558885734,121.29134411142729,19.38
TG,Togo,2007,605.9999999999999,423.68962019014066,182.31037980985923,30.08
TG,Togo,2008,637.9999999999985,447.09154198260876,190.90845801738976,29.92
TG,Togo,2009,775.9999999999973,649.9667895577631,126.03321044223412,16.24
TG,Togo,2010,797.0000000000016,758.8738363723209,38.12616362768074,4.78
TG,Togo,2011,890.0000000000019,775.7844247334992,114.2155752665027,12.83
TG,Togo,2012,1045.999999999999,992.5344394578337,53.46556054216535,5.11
TG,Togo,2013,633.0000000000002,367.55919953978116,265.44080046021907,41.93
TG,Togo,2014,1293.000000000003,1431.5159166364522,-138.51591663644922,-10.71
TG,Togo,2015,702.0000000000002,381.1901738666446,320.8098261333556,45.7
TG,Togo,2016,995.0000000000032,665.9969084023558,329.0030915976474,33.07
TG,Togo,2017,1373.000000000004,1207.7446120509946,165.25538794900945,12.04
TG,Togo,2018,1035.9999999999975,858.7889615296592,177.21103847033828,17.11
TG,Togo,2019,1414.0000000000025,1366.2362620534848,47.76373794651772,3.38
TG,Togo,2020,1404.999999999998,1567.347960546596,-162.34796054659796,-11.56
TG,Togo,2021,1433.9999999999957,1574.148412459746,-140.14841245975026,-9.77
TG,Togo,2022,1744.000000000002,1700.27978732034,43.720212679662154,2.51
TG,Togo,2023,1785.173976191615,1857.2701320488507,-72.09615585723554,-4.04
